Frame Type,Mean Entropy,id
Switch,0.33614483,Mice-hc
Switch,0.0035071578,Mice-hc
Non-Switch,0.54419327,Mice-hc
Non-Switch,7.4438403e-06,Mice-hc
Non-Switch,0.00067089626,Mice-hc
Non-Switch,0.00036370364,Mice-hc
Non-Switch,0.00022160284,Mice-hc
Non-Switch,0.00013877261,Mice-hc
Non-Switch,9.805581e-05,Mice-hc
Non-Switch,0.00028968585,Mice-hc
Non-Switch,0.00092593906,Mice-hc
Non-Switch,0.00070045766,Mice-hc
Non-Switch,0.00028776375,Mice-hc
Non-Switch,0.00073862146,Mice-hc
Non-Switch,8.967698e-05,Mice-hc
Non-Switch,0.0006220564,Mice-hc
Non-Switch,0.000102903185,Mice-hc
Non-Switch,4.057774e-05,Mice-hc
Non-Switch,3.0613897e-05,Mice-hc
Non-Switch,0.00015020532,Mice-hc
Non-Switch,1.1883712e-05,Mice-hc
Non-Switch,1.0606567e-05,Mice-hc
Non-Switch,1.2396062e-05,Mice-hc
Non-Switch,1.0958051e-05,Mice-hc
Non-Switch,1.36287135e-05,Mice-hc
Non-Switch,1.0449348e-05,Mice-hc
Non-Switch,0.00090810284,Mice-hc
Non-Switch,7.709584e-06,Mice-hc
Non-Switch,8.326988e-06,Mice-hc
Non-Switch,0.00074692746,Mice-hc
Non-Switch,1.1639073e-05,Mice-hc
Non-Switch,1.3169341e-05,Mice-hc
Non-Switch,0.2832681,Mice-hc
Non-Switch,0.07650227,Mice-hc
Non-Switch,0.0031851868,Mice-hc
Non-Switch,0.0009966168,Mice-hc
Non-Switch,0.0004238898,Mice-hc
Non-Switch,0.00016876675,Mice-hc
Non-Switch,8.321924e-05,Mice-hc
Non-Switch,2.775126e-05,Mice-hc
Non-Switch,1.3601517e-05,Mice-hc
Non-Switch,7.40441e-06,Mice-hc
Non-Switch,8.865671e-06,Mice-hc
Non-Switch,5.91636e-06,Mice-hc
Non-Switch,6.459898e-06,Mice-hc
Non-Switch,6.9122207e-06,Mice-hc
Non-Switch,6.116712e-06,Mice-hc
Non-Switch,0.0015587069,Mice-hc
Non-Switch,0.0002652348,Mice-hc
Non-Switch,8.063856e-06,Mice-hc
Non-Switch,7.2540884e-06,Mice-hc
Non-Switch,9.734473e-06,Mice-hc
Non-Switch,9.169929e-06,Mice-hc
Non-Switch,9.52198e-06,Mice-hc
Non-Switch,7.3549236e-06,Mice-hc
Non-Switch,5.7030893e-06,Mice-hc
Non-Switch,7.4671884e-06,Mice-hc
Non-Switch,5.8098462e-06,Mice-hc
Non-Switch,6.446753e-06,Mice-hc
Non-Switch,6.5633794e-05,Mice-hc
Non-Switch,6.279341e-06,Mice-hc
Non-Switch,6.387514e-06,Mice-hc
Non-Switch,1.3061443e-05,Mice-hc
Non-Switch,9.956189e-06,Mice-hc
Non-Switch,7.629849e-06,Mice-hc
Non-Switch,1.5485368e-05,Mice-hc
Non-Switch,1.0655634e-05,Mice-hc
Non-Switch,1.0173898e-05,Mice-hc
Non-Switch,0.0029406436,Mice-hc
Non-Switch,9.31764e-06,Mice-hc
Non-Switch,6.49165e-05,Mice-hc
Non-Switch,8.962965e-06,Mice-hc
Non-Switch,1.0207712e-05,Mice-hc
Non-Switch,1.0292701e-05,Mice-hc
Non-Switch,7.3798446e-06,Mice-hc
Non-Switch,7.414186e-06,Mice-hc
Non-Switch,7.4608442e-06,Mice-hc
Non-Switch,0.31627896,Mice-hc
Non-Switch,0.02983637,Mice-hc
Non-Switch,0.0016818658,Mice-hc
Non-Switch,4.1335818e-05,Mice-hc
Non-Switch,0.0007868542,Mice-hc
Non-Switch,2.0000885e-05,Mice-hc
Non-Switch,1.2400935e-05,Mice-hc
Non-Switch,1.0923435e-05,Mice-hc
Non-Switch,1.30669805e-05,Mice-hc
Non-Switch,7.886625e-06,Mice-hc
Non-Switch,6.724153e-06,Mice-hc
Non-Switch,6.878917e-06,Mice-hc
Non-Switch,7.2323055e-06,Mice-hc
Non-Switch,7.719829e-06,Mice-hc
Non-Switch,9.4002135e-06,Mice-hc
Non-Switch,0.00025646185,Mice-hc
Non-Switch,8.459262e-06,Mice-hc
Non-Switch,9.648535e-06,Mice-hc
Non-Switch,8.3680325e-06,Mice-hc
Non-Switch,7.963511e-06,Mice-hc
Non-Switch,7.5166513e-06,Mice-hc
Non-Switch,6.797899e-06,Mice-hc
Non-Switch,6.6944954e-06,Mice-hc
Non-Switch,1.5442994e-05,Mice-hc
Non-Switch,2.4511577e-05,Mice-hc
Non-Switch,0.0018640952,Mice-hc
Non-Switch,0.00052146567,Mice-hc
Non-Switch,0.0013483315,Mice-hc
Non-Switch,2.0942975e-05,Mice-hc
Non-Switch,0.0037090662,Mice-hc
Non-Switch,3.20819e-05,Mice-hc
Non-Switch,1.7591856e-05,Mice-hc
Non-Switch,1.22610545e-05,Mice-hc
Non-Switch,1.0433328e-05,Mice-hc
Non-Switch,1.1365192e-05,Mice-hc
Non-Switch,1.029204e-05,Mice-hc
Non-Switch,1.1854674e-05,Mice-hc
Non-Switch,0.00017309132,Mice-hc
Non-Switch,0.0013390117,Mice-hc
Non-Switch,7.7346e-06,Mice-hc
Non-Switch,1.0683357e-05,Mice-hc
Non-Switch,1.9279203e-05,Mice-hc
Non-Switch,4.074195e-05,Mice-hc
Non-Switch,0.00040745497,Mice-hc
Non-Switch,0.0010822556,Mice-hc
Non-Switch,0.35242155,Mice-hc
Non-Switch,0.34058002,Mice-hc
Non-Switch,0.3765097,Mice-hc
Non-Switch,0.30395997,Mice-hc
Non-Switch,0.00054115837,Mice-hc
Non-Switch,0.027583774,Mice-hc
Non-Switch,0.08028763,Mice-hc
Non-Switch,0.27659732,Mice-hc
Non-Switch,0.1493934,Mice-hc
Non-Switch,0.08999517,Mice-hc
Non-Switch,0.034079876,Mice-hc
Non-Switch,0.0060199704,Mice-hc
Non-Switch,0.055311177,Mice-hc
Non-Switch,0.012262574,Mice-hc
Non-Switch,0.000648668,Mice-hc
Non-Switch,0.0009330758,Mice-hc
Non-Switch,0.00036949664,Mice-hc
Non-Switch,9.5960255e-05,Mice-hc
Non-Switch,6.6502136e-05,Mice-hc
Non-Switch,3.417928e-05,Mice-hc
Non-Switch,4.1352472e-05,Mice-hc
Non-Switch,2.4817664e-05,Mice-hc
Non-Switch,2.050437e-05,Mice-hc
Non-Switch,2.3674877e-05,Mice-hc
Non-Switch,2.965676e-05,Mice-hc
Non-Switch,0.25164813,Mice-hc
Non-Switch,0.00023142883,Mice-hc
Non-Switch,0.0065132887,Mice-hc
Non-Switch,4.373757e-05,Mice-hc
Non-Switch,9.112615e-05,Mice-hc
Non-Switch,0.00038332117,Mice-hc
Non-Switch,0.1706258,Mice-hc
Non-Switch,0.013815552,Mice-hc
Non-Switch,0.00052062527,Mice-hc
Non-Switch,0.00027315348,Mice-hc
Non-Switch,0.039054755,Mice-hc
Non-Switch,0.032845505,Mice-hc
Non-Switch,0.0015949693,Mice-hc
Non-Switch,0.00035504502,Mice-hc
Non-Switch,0.0003889677,Mice-hc
Non-Switch,0.0004041248,Mice-hc
Non-Switch,0.00034611401,Mice-hc
Non-Switch,0.00069131266,Mice-hc
Non-Switch,0.00069156557,Mice-hc
Non-Switch,0.0011171184,Mice-hc
Non-Switch,0.00015375187,Mice-hc
Non-Switch,0.0020360905,Mice-hc
Non-Switch,0.0008727476,Mice-hc
Non-Switch,0.00031361377,Mice-hc
Non-Switch,0.00012512985,Mice-hc
Non-Switch,8.0710546e-05,Mice-hc
Non-Switch,4.8786078e-05,Mice-hc
Non-Switch,3.1580385e-05,Mice-hc
Non-Switch,2.856915e-05,Mice-hc
Non-Switch,3.8599715e-05,Mice-hc
Non-Switch,0.0017493323,Mice-hc
Non-Switch,0.0005340827,Mice-hc
Non-Switch,0.009901597,Mice-hc
Non-Switch,0.0013942576,Mice-hc
Non-Switch,0.00041953265,Mice-hc
Non-Switch,0.00017976513,Mice-hc
Non-Switch,8.314203e-05,Mice-hc
Non-Switch,5.6843608e-05,Mice-hc
Non-Switch,3.133015e-05,Mice-hc
Non-Switch,0.0012981929,Mice-hc
Non-Switch,0.0006359119,Mice-hc
Non-Switch,0.0013051487,Mice-hc
Non-Switch,9.3341114e-05,Mice-hc
Non-Switch,0.00024310677,Mice-hc
Non-Switch,0.000222402,Mice-hc
Non-Switch,0.00026164352,Mice-hc
Non-Switch,6.3858824e-05,Mice-hc
Non-Switch,5.7698053e-05,Mice-hc
Non-Switch,4.0149906e-05,Mice-hc
Non-Switch,4.9475268e-05,Mice-hc
Non-Switch,0.00023110333,Mice-hc
Non-Switch,0.0015158425,Mice-hc
Non-Switch,0.0012098959,Mice-hc
Non-Switch,4.3859258e-05,Mice-hc
Non-Switch,0.0031163413,Mice-hc
Non-Switch,0.005818801,Mice-hc
Non-Switch,0.0012891033,Mice-hc
Non-Switch,0.004104573,Mice-hc
Non-Switch,0.00022975692,Mice-hc
Non-Switch,0.0064986823,Mice-hc
Non-Switch,0.0008007209,Mice-hc
Non-Switch,0.0013064335,Mice-hc
Non-Switch,0.001437869,Mice-hc
Non-Switch,0.00017345515,Mice-hc
Non-Switch,0.047902737,Mice-hc
Non-Switch,0.0014900053,Mice-hc
Non-Switch,0.0027151261,Mice-hc
Non-Switch,0.00090106763,Mice-hc
Non-Switch,0.00041476302,Mice-hc
Non-Switch,0.00011518984,Mice-hc
Non-Switch,0.046538956,Mice-hc
Non-Switch,0.008565772,Mice-hc
Non-Switch,0.00012641799,Mice-hc
Non-Switch,0.00045456766,Mice-hc
Non-Switch,0.0036454734,Mice-hc
Non-Switch,0.00015499652,Mice-hc
Non-Switch,0.00096540357,Mice-hc
Non-Switch,9.832732e-05,Mice-hc
Non-Switch,0.0024566418,Mice-hc
Non-Switch,0.000115955845,Mice-hc
Non-Switch,0.00011988159,Mice-hc
Non-Switch,0.00015839751,Mice-hc
Non-Switch,0.00013139471,Mice-hc
Non-Switch,0.00012540877,Mice-hc
Non-Switch,0.001126168,Mice-hc
Non-Switch,0.00010092048,Mice-hc
Non-Switch,6.7128465e-05,Mice-hc
Non-Switch,8.090859e-05,Mice-hc
Non-Switch,9.808499e-05,Mice-hc
Non-Switch,5.1770145e-05,Mice-hc
Non-Switch,2.5097452e-05,Mice-hc
Non-Switch,2.0832162e-05,Mice-hc
Non-Switch,2.8433136e-05,Mice-hc
Non-Switch,0.0017985707,Mice-hc
Non-Switch,0.005061171,Mice-hc
Non-Switch,3.9516348e-05,Mice-hc
Non-Switch,8.2760285e-05,Mice-hc
Non-Switch,3.965305e-05,Mice-hc
Non-Switch,3.2074066e-05,Mice-hc
Non-Switch,3.413373e-05,Mice-hc
Non-Switch,4.0291838e-05,Mice-hc
Non-Switch,3.8306054e-05,Mice-hc
Non-Switch,3.0782576e-05,Mice-hc
Non-Switch,1.11347035e-05,Mice-hc
Non-Switch,1.1197482e-05,Mice-hc
Non-Switch,2.5450587e-05,Mice-hc
Non-Switch,0.00409731,Mice-hc
Non-Switch,0.0016454112,Mice-hc
Non-Switch,0.0050418926,Mice-hc
Non-Switch,4.3839602e-05,Mice-hc
Non-Switch,6.218296e-05,Mice-hc
Non-Switch,4.895183e-05,Mice-hc
Non-Switch,3.2656008e-05,Mice-hc
Non-Switch,3.1861277e-05,Mice-hc
Non-Switch,3.366491e-05,Mice-hc
Non-Switch,3.42775e-05,Mice-hc
Non-Switch,1.3976877e-05,Mice-hc
Non-Switch,1.6967144e-05,Mice-hc
Non-Switch,0.011874519,Mice-hc
Non-Switch,1.2128928e-05,Mice-hc
Non-Switch,1.7279228e-05,Mice-hc
Non-Switch,1.2601835e-05,Mice-hc
Non-Switch,1.1068017e-05,Mice-hc
Non-Switch,1.1390811e-05,Mice-hc
Non-Switch,1.1494636e-05,Mice-hc
Non-Switch,1.1557358e-05,Mice-hc
Non-Switch,1.302093e-05,Mice-hc
Non-Switch,1.4279552e-05,Mice-hc
Non-Switch,1.2472318e-05,Mice-hc
Non-Switch,0.0021072992,Mice-hc
Non-Switch,1.2600164e-05,Mice-hc
Non-Switch,1.2668379e-05,Mice-hc
Non-Switch,1.7170389e-05,Mice-hc
Non-Switch,1.1451426e-05,Mice-hc
Non-Switch,1.0295014e-05,Mice-hc
Non-Switch,1.3439272e-05,Mice-hc
Non-Switch,3.6888894e-05,Mice-hc
Non-Switch,2.6621807e-05,Mice-hc
Non-Switch,2.5806325e-05,Mice-hc
Non-Switch,2.6158621e-05,Mice-hc
Non-Switch,0.0008080666,Mice-hc
Non-Switch,1.9227286e-05,Mice-hc
Non-Switch,1.4125901e-05,Mice-hc
Non-Switch,1.7827657e-05,Mice-hc
Non-Switch,2.4364095e-05,Mice-hc
Non-Switch,1.5242508e-05,Mice-hc
Non-Switch,0.0001844748,Mice-hc
Non-Switch,5.7760622e-05,Mice-hc
Non-Switch,2.0091731e-05,Mice-hc
Non-Switch,2.1994649e-05,Mice-hc
Non-Switch,1.6941936e-05,Mice-hc
Non-Switch,1.6458236e-05,Mice-hc
Non-Switch,1.5548154e-05,Mice-hc
Non-Switch,1.4830343e-05,Mice-hc
Non-Switch,1.3382301e-05,Mice-hc
Non-Switch,1.1190157e-05,Mice-hc
Non-Switch,1.2177505e-05,Mice-hc
Non-Switch,0.00030255606,Mice-hc
Non-Switch,1.140237e-05,Mice-hc
Non-Switch,1.1295618e-05,Mice-hc
Non-Switch,1.2656301e-05,Mice-hc
Non-Switch,1.620653e-05,Mice-hc
Non-Switch,1.2858346e-05,Mice-hc
Non-Switch,1.0984586e-05,Mice-hc
Non-Switch,1.0772934e-05,Mice-hc
Non-Switch,1.1906406e-05,Mice-hc
Non-Switch,1.2761016e-05,Mice-hc
Non-Switch,9.7572465e-06,Mice-hc
Non-Switch,0.00012027895,Mice-hc
Non-Switch,8.310599e-06,Mice-hc
Non-Switch,9.166972e-06,Mice-hc
Non-Switch,8.035442e-06,Mice-hc
Non-Switch,9.285535e-06,Mice-hc
Non-Switch,9.019101e-06,Mice-hc
Non-Switch,9.10859e-06,Mice-hc
Non-Switch,9.264513e-06,Mice-hc
Non-Switch,1.0081028e-05,Mice-hc
Non-Switch,9.309631e-06,Mice-hc
Non-Switch,8.7115695e-06,Mice-hc
Non-Switch,1.6556323e-05,Mice-hc
Non-Switch,9.785053e-05,Mice-hc
Non-Switch,9.533258e-06,Mice-hc
Non-Switch,1.0162266e-05,Mice-hc
Non-Switch,8.158415e-06,Mice-hc
Non-Switch,8.6030805e-06,Mice-hc
Non-Switch,8.261234e-06,Mice-hc
Non-Switch,9.751182e-06,Mice-hc
Non-Switch,7.316271e-06,Mice-hc
Non-Switch,7.3854453e-06,Mice-hc
Non-Switch,7.384605e-06,Mice-hc
Non-Switch,7.203589e-06,Mice-hc
Non-Switch,3.7566628e-05,Mice-hc
Non-Switch,8.8568595e-06,Mice-hc
Non-Switch,1.9737374e-05,Mice-hc
Non-Switch,1.6343334e-05,Mice-hc
Non-Switch,1.6531889e-05,Mice-hc
Non-Switch,1.2480854e-05,Mice-hc
Non-Switch,1.3503586e-05,Mice-hc
Non-Switch,1.5757543e-05,Mice-hc
Non-Switch,1.4247846e-05,Mice-hc
Non-Switch,1.6076374e-05,Mice-hc
Non-Switch,1.2897221e-05,Mice-hc
Non-Switch,4.813267e-05,Mice-hc
Non-Switch,2.3171448e-05,Mice-hc
Non-Switch,1.8597912e-05,Mice-hc
Non-Switch,2.1188089e-05,Mice-hc
Non-Switch,5.2722822e-05,Mice-hc
Non-Switch,4.3595264e-05,Mice-hc
Non-Switch,5.5876957e-05,Mice-hc
Non-Switch,3.8855622e-05,Mice-hc
Non-Switch,4.802559e-05,Mice-hc
Non-Switch,5.076221e-05,Mice-hc
Non-Switch,0.00013087814,Mice-hc
Non-Switch,6.7412526e-05,Mice-hc
Non-Switch,0.00010967574,Mice-hc
Non-Switch,0.000193741,Mice-hc
Non-Switch,0.00014577777,Mice-hc
Non-Switch,9.2715614e-05,Mice-hc
Non-Switch,8.7103224e-05,Mice-hc
Non-Switch,4.8230413e-05,Mice-hc
Non-Switch,0.0008529489,Mice-hc
Non-Switch,5.550479e-05,Mice-hc
Non-Switch,0.0009953383,Mice-hc
Non-Switch,7.0474875e-05,Mice-hc
Non-Switch,3.8493134e-05,Mice-hc
Non-Switch,7.1863644e-05,Mice-hc
Non-Switch,9.537614e-05,Mice-hc
Non-Switch,7.189283e-05,Mice-hc
Non-Switch,6.1724364e-05,Mice-hc
Non-Switch,6.13473e-05,Mice-hc
Non-Switch,5.9042413e-05,Mice-hc
Non-Switch,3.659557e-05,Mice-hc
Non-Switch,3.885475e-05,Mice-hc
Non-Switch,3.6339432e-05,Mice-hc
Non-Switch,3.7843747e-05,Mice-hc
Non-Switch,3.7083297e-05,Mice-hc
Non-Switch,2.775832e-05,Mice-hc
Non-Switch,5.143221e-05,Mice-hc
Non-Switch,4.046117e-05,Mice-hc
Non-Switch,6.8361e-05,Mice-hc
Non-Switch,6.402117e-05,Mice-hc
Non-Switch,9.26837e-05,Mice-hc
Non-Switch,8.0532314e-05,Mice-hc
Non-Switch,8.208858e-05,Mice-hc
Non-Switch,8.392413e-05,Mice-hc
Non-Switch,0.000265385,Mice-hc
Non-Switch,3.5122812e-05,Mice-hc
Non-Switch,0.00035661948,Mice-hc
Non-Switch,7.247117e-05,Mice-hc
Non-Switch,3.051121e-05,Mice-hc
Non-Switch,4.896361e-05,Mice-hc
Non-Switch,0.0001407725,Mice-hc
Non-Switch,0.0004962075,Mice-hc
Non-Switch,0.0010501804,Mice-hc
Non-Switch,0.005588787,Mice-hc
Non-Switch,0.00017184921,Mice-hc
Non-Switch,7.3429845e-05,Mice-hc
Non-Switch,2.1531889e-05,Mice-hc
Non-Switch,7.224806e-05,Mice-hc
Non-Switch,6.8015885e-05,Mice-hc
Non-Switch,6.5852604e-05,Mice-hc
Non-Switch,0.0022359712,Mice-hc
Non-Switch,0.0031737348,Mice-hc
Non-Switch,8.051745e-05,Mice-hc
Non-Switch,5.378235e-05,Mice-hc
Non-Switch,0.0015940978,Mice-hc
Non-Switch,0.0271643,Mice-hc
Non-Switch,0.002650038,Mice-hc
Non-Switch,1.7678653e-05,Mice-hc
Non-Switch,0.0047473074,Mice-hc
Non-Switch,3.079e-05,Mice-hc
Non-Switch,0.0073907217,Mice-hc
Non-Switch,0.0012114369,Mice-hc
Non-Switch,2.8724658e-05,Mice-hc
Non-Switch,2.4815092e-05,Mice-hc
Non-Switch,3.46835e-05,Mice-hc
Non-Switch,1.6624856e-05,Mice-hc
Non-Switch,0.0013351403,Mice-hc
Non-Switch,0.00046482324,Mice-hc
Non-Switch,1.7818029e-05,Mice-hc
Non-Switch,9.456908e-06,Mice-hc
Non-Switch,0.00044921806,Mice-hc
Non-Switch,1.44803835e-05,Mice-hc
Non-Switch,0.0004330267,Mice-hc
Non-Switch,1.1197577e-05,Mice-hc
Non-Switch,9.4928255e-06,Mice-hc
Non-Switch,0.00043819184,Mice-hc
Non-Switch,1.3346643e-05,Mice-hc
Non-Switch,1.2281115e-05,Mice-hc
Non-Switch,2.0393885e-05,Mice-hc
Non-Switch,1.7753562e-05,Mice-hc
Non-Switch,1.2427166e-05,Mice-hc
Non-Switch,1.658018e-05,Mice-hc
Non-Switch,1.7588958e-05,Mice-hc
Non-Switch,1.3456114e-05,Mice-hc
Non-Switch,1.6738368e-05,Mice-hc
Non-Switch,1.5516103e-05,Mice-hc
Non-Switch,1.9239464e-05,Mice-hc
Non-Switch,1.8486426e-05,Mice-hc
Non-Switch,1.9935913e-05,Mice-hc
Non-Switch,1.5995556e-05,Mice-hc
Non-Switch,1.2810174e-05,Mice-hc
Non-Switch,3.3992357e-05,Mice-hc
Non-Switch,1.8406032e-05,Mice-hc
Non-Switch,1.128125e-05,Mice-hc
Non-Switch,2.422605e-05,Mice-hc
Non-Switch,1.4608349e-05,Mice-hc
Non-Switch,1.9997795e-05,Mice-hc
Non-Switch,1.3498296e-05,Mice-hc
Non-Switch,1.329886e-05,Mice-hc
Non-Switch,2.1794218e-05,Mice-hc
Non-Switch,2.2469681e-05,Mice-hc
Non-Switch,2.4531313e-05,Mice-hc
Non-Switch,2.3170038e-05,Mice-hc
Non-Switch,2.1010033e-05,Mice-hc
Non-Switch,2.6134807e-05,Mice-hc
Non-Switch,1.2433311e-05,Mice-hc
Non-Switch,2.151935e-05,Mice-hc
Non-Switch,1.362132e-05,Mice-hc
Non-Switch,1.0332364e-05,Mice-hc
Non-Switch,1.0901344e-05,Mice-hc
Non-Switch,1.1839277e-05,Mice-hc
Non-Switch,1.1178644e-05,Mice-hc
Non-Switch,1.5275686e-05,Mice-hc
Non-Switch,2.408375e-05,Mice-hc
Non-Switch,2.48875e-05,Mice-hc
Non-Switch,1.4567308e-05,Mice-hc
Non-Switch,1.42419485e-05,Mice-hc
Non-Switch,1.2284256e-05,Mice-hc
Non-Switch,1.1637319e-05,Mice-hc
Non-Switch,1.3896951e-05,Mice-hc
Non-Switch,1.7218124e-05,Mice-hc
Non-Switch,1.08308905e-05,Mice-hc
Non-Switch,1.5543108e-05,Mice-hc
Non-Switch,1.1707261e-05,Mice-hc
Non-Switch,1.3877367e-05,Mice-hc
Non-Switch,1.003905e-05,Mice-hc
Non-Switch,1.1416177e-05,Mice-hc
Non-Switch,1.000518e-05,Mice-hc
Non-Switch,1.38003925e-05,Mice-hc
Non-Switch,1.3472088e-05,Mice-hc
Non-Switch,7.540098e-06,Mice-hc
Non-Switch,1.1701675e-05,Mice-hc
Non-Switch,1.1144797e-05,Mice-hc
Non-Switch,9.760558e-06,Mice-hc
Non-Switch,1.1109858e-05,Mice-hc
Non-Switch,2.2961034e-05,Mice-hc
Non-Switch,1.2424991e-05,Mice-hc
Non-Switch,8.763878e-06,Mice-hc
Non-Switch,7.974273e-06,Mice-hc
Non-Switch,8.245758e-06,Mice-hc
Non-Switch,1.0658765e-05,Mice-hc
Non-Switch,1.3276367e-05,Mice-hc
Non-Switch,8.259823e-06,Mice-hc
Non-Switch,7.574805e-06,Mice-hc
Non-Switch,1.2248111e-05,Mice-hc
Non-Switch,1.298126e-05,Mice-hc
Non-Switch,2.7853835e-05,Mice-hc
Non-Switch,8.988618e-06,Mice-hc
Non-Switch,7.8248995e-06,Mice-hc
Non-Switch,8.431334e-06,Mice-hc
Non-Switch,8.38246e-06,Mice-hc
Non-Switch,8.916305e-06,Mice-hc
Non-Switch,9.860783e-06,Mice-hc
Non-Switch,6.020805e-06,Mice-hc
Non-Switch,1.761616e-05,Mice-hc
Non-Switch,2.3863351e-05,Mice-hc
Non-Switch,1.3908843e-05,Mice-hc
Non-Switch,2.8192542e-05,Mice-hc
Non-Switch,1.45191025e-05,Mice-hc
Non-Switch,1.9011677e-05,Mice-hc
Non-Switch,1.4719132e-05,Mice-hc
Non-Switch,1.578023e-05,Mice-hc
Non-Switch,2.5855708e-05,Mice-hc
Non-Switch,0.0005805188,Mice-hc
Non-Switch,0.0005280247,Mice-hc
Non-Switch,1.8480256e-05,Mice-hc
Non-Switch,4.1288706e-05,Mice-hc
Non-Switch,1.0378828e-05,Mice-hc
Non-Switch,4.369724e-05,Mice-hc
Non-Switch,1.3451237e-05,Mice-hc
Non-Switch,1.8598117e-05,Mice-hc
Non-Switch,1.9885836e-05,Mice-hc
Non-Switch,1.634207e-05,Mice-hc
Non-Switch,1.7874387e-05,Mice-hc
Non-Switch,2.762043e-05,Mice-hc
Non-Switch,1.3765377e-05,Mice-hc
Non-Switch,1.4620776e-05,Mice-hc
Non-Switch,1.933401e-05,Mice-hc
Non-Switch,1.8524259e-05,Mice-hc
Non-Switch,9.051888e-05,Mice-hc
Non-Switch,1.6608963e-05,Mice-hc
Non-Switch,1.2868868e-05,Mice-hc
Non-Switch,2.1692136e-05,Mice-hc
Non-Switch,2.3013401e-05,Mice-hc
Non-Switch,1.8858063e-05,Mice-hc
Non-Switch,2.6931017e-05,Mice-hc
Non-Switch,1.556665e-05,Mice-hc
Non-Switch,2.2083948e-05,Mice-hc
Non-Switch,1.2030631e-05,Mice-hc
Non-Switch,1.7006882e-05,Mice-hc
Non-Switch,2.7000833e-05,Mice-hc
Non-Switch,7.067308e-05,Mice-hc
Non-Switch,1.1773585e-05,Mice-hc
Non-Switch,2.0411018e-05,Mice-hc
Non-Switch,1.0527703e-05,Mice-hc
Non-Switch,2.0996307e-05,Mice-hc
Non-Switch,1.1183985e-05,Mice-hc
Non-Switch,1.6782253e-05,Mice-hc
Non-Switch,1.3872275e-05,Mice-hc
Non-Switch,1.7319051e-05,Mice-hc
Non-Switch,1.4968785e-05,Mice-hc
Non-Switch,2.2966029e-05,Mice-hc
Non-Switch,7.78627e-05,Mice-hc
Non-Switch,1.9380932e-05,Mice-hc
Non-Switch,2.6185637e-05,Mice-hc
Non-Switch,1.7746532e-05,Mice-hc
Non-Switch,1.49864745e-05,Mice-hc
Non-Switch,1.2750512e-05,Mice-hc
Non-Switch,1.8617317e-05,Mice-hc
Non-Switch,1.3491692e-05,Mice-hc
Non-Switch,1.9594267e-05,Mice-hc
Non-Switch,1.5107806e-05,Mice-hc
Non-Switch,1.3004757e-05,Mice-hc
Non-Switch,0.00011399418,Mice-hc
Non-Switch,1.4688526e-05,Mice-hc
Non-Switch,3.0269506e-05,Mice-hc
Non-Switch,1.5092707e-05,Mice-hc
Non-Switch,1.7706976e-05,Mice-hc
Non-Switch,1.2406776e-05,Mice-hc
Non-Switch,1.2521376e-05,Mice-hc
Non-Switch,1.9024013e-05,Mice-hc
Non-Switch,1.8712688e-05,Mice-hc
Non-Switch,1.3209525e-05,Mice-hc
Non-Switch,1.1875478e-05,Mice-hc
Non-Switch,9.404911e-05,Mice-hc
Non-Switch,1.1796947e-05,Mice-hc
Non-Switch,1.043698e-05,Mice-hc
Non-Switch,1.7187045e-05,Mice-hc
Non-Switch,1.6275144e-05,Mice-hc
Non-Switch,1.6566479e-05,Mice-hc
Non-Switch,1.788631e-05,Mice-hc
Non-Switch,1.3181238e-05,Mice-hc
Non-Switch,2.5483823e-05,Mice-hc
Non-Switch,2.238644e-05,Mice-hc
Non-Switch,3.3911158e-05,Mice-hc
Non-Switch,0.0001380814,Mice-hc
Non-Switch,4.2465297e-05,Mice-hc
Non-Switch,3.2531087e-05,Mice-hc
Non-Switch,5.6145254e-05,Mice-hc
Non-Switch,5.2299027e-05,Mice-hc
Non-Switch,5.0273866e-05,Mice-hc
Non-Switch,3.1078904e-05,Mice-hc
Non-Switch,0.00067048107,Mice-hc
Non-Switch,0.0018117222,Mice-hc
Non-Switch,0.040978674,Mice-hc
Non-Switch,0.042623293,Mice-hc
Non-Switch,8.7336855e-05,Mice-hc
Non-Switch,0.029393762,Mice-hc
Non-Switch,0.0041882102,Mice-hc
Non-Switch,0.001174595,Mice-hc
Non-Switch,0.00055823935,Mice-hc
Non-Switch,0.0014597273,Mice-hc
Non-Switch,0.00042365323,Mice-hc
Non-Switch,0.004727915,Mice-hc
Non-Switch,0.011485065,Mice-hc
Non-Switch,0.010529938,Mice-hc
Non-Switch,0.052206796,Mice-hc
Non-Switch,3.900756e-05,Mice-hc
Non-Switch,0.014570542,Mice-hc
Non-Switch,0.0015617094,Mice-hc
Non-Switch,0.00037847657,Mice-hc
Non-Switch,0.00038928044,Mice-hc
Non-Switch,6.4452026e-05,Mice-hc
Non-Switch,3.2598757e-05,Mice-hc
Non-Switch,1.3172037e-05,Mice-hc
Non-Switch,1.6252245e-05,Mice-hc
Non-Switch,9.932094e-06,Mice-hc
Non-Switch,8.147581e-06,Mice-hc
Non-Switch,2.2567865e-05,Mice-hc
Non-Switch,9.225401e-06,Mice-hc
Non-Switch,6.2149775e-06,Mice-hc
Non-Switch,8.966179e-06,Mice-hc
Non-Switch,1.3125436e-05,Mice-hc
Non-Switch,1.0975973e-05,Mice-hc
Non-Switch,0.013031138,Mice-hc
Non-Switch,0.003473198,Mice-hc
Non-Switch,0.033808645,Mice-hc
Non-Switch,0.078755595,Mice-hc
Non-Switch,0.32312024,Mice-hc
Non-Switch,1.5917976e-05,Mice-hc
Non-Switch,0.23754701,Mice-hc
Non-Switch,0.1289881,Mice-hc
Non-Switch,0.006904021,Mice-hc
Non-Switch,0.003499577,Mice-hc
Non-Switch,0.003488031,Mice-hc
Non-Switch,8.538762e-05,Mice-hc
Non-Switch,0.0050001633,Mice-hc
Non-Switch,3.489808e-05,Mice-hc
Non-Switch,2.5388694e-05,Mice-hc
Non-Switch,1.4307871e-05,Mice-hc
Non-Switch,2.9485484e-05,Mice-hc
Non-Switch,1.4678271e-05,Mice-hc
Non-Switch,1.40282355e-05,Mice-hc
Non-Switch,1.022396e-05,Mice-hc
Non-Switch,8.742461e-06,Mice-hc
Non-Switch,6.555778e-06,Mice-hc
Non-Switch,9.028913e-06,Mice-hc
Non-Switch,9.480906e-06,Mice-hc
Non-Switch,6.5925856e-06,Mice-hc
Non-Switch,0.00079818023,Mice-hc
Non-Switch,6.3922053e-06,Mice-hc
Non-Switch,1.9452425e-05,Mice-hc
Non-Switch,1.8792776e-05,Mice-hc
Non-Switch,6.025459e-06,Mice-hc
Non-Switch,8.411105e-06,Mice-hc
Non-Switch,8.404565e-06,Mice-hc
Non-Switch,6.8794275e-06,Mice-hc
Non-Switch,1.0306812e-05,Mice-hc
Non-Switch,6.550481e-06,Mice-hc
Non-Switch,5.453387e-06,Mice-hc
Non-Switch,6.4007845e-06,Mice-hc
Non-Switch,6.291383e-06,Mice-hc
Non-Switch,7.0992837e-06,Mice-hc
Non-Switch,1.9040202e-05,Mice-hc
Non-Switch,6.4831625e-06,Mice-hc
Non-Switch,6.1771602e-06,Mice-hc
Non-Switch,9.258379e-06,Mice-hc
Non-Switch,1.0702128e-05,Mice-hc
Non-Switch,7.148841e-06,Mice-hc
Non-Switch,6.907454e-06,Mice-hc
Non-Switch,1.2763927e-05,Mice-hc
Non-Switch,1.4117991e-05,Mice-hc
Non-Switch,8.613546e-06,Mice-hc
Non-Switch,9.586572e-06,Mice-hc
Non-Switch,1.7380386e-05,Mice-hc
Non-Switch,9.591905e-06,Mice-hc
Non-Switch,1.6172908e-05,Mice-hc
Non-Switch,8.413942e-06,Mice-hc
Non-Switch,1.3006469e-05,Mice-hc
Non-Switch,9.296504e-06,Mice-hc
Non-Switch,1.5276006e-05,Mice-hc
Non-Switch,1.47519395e-05,Mice-hc
Non-Switch,1.3018416e-05,Mice-hc
Non-Switch,1.0069013e-05,Mice-hc
Non-Switch,1.0108514e-05,Mice-hc
Non-Switch,1.3674303e-05,Mice-hc
Non-Switch,9.081981e-06,Mice-hc
Non-Switch,1.1111172e-05,Mice-hc
Non-Switch,9.3029685e-06,Mice-hc
Non-Switch,6.0123043e-06,Mice-hc
Non-Switch,7.931839e-06,Mice-hc
Non-Switch,8.661331e-06,Mice-hc
Non-Switch,7.323123e-06,Mice-hc
Non-Switch,6.905627e-06,Mice-hc
Non-Switch,8.561243e-06,Mice-hc
Non-Switch,7.0987753e-06,Mice-hc
Non-Switch,2.3707218e-05,Mice-hc
Non-Switch,5.653514e-06,Mice-hc
Non-Switch,1.0668584e-05,Mice-hc
Non-Switch,1.2886305e-05,Mice-hc
Non-Switch,1.3089878e-05,Mice-hc
Non-Switch,1.4075512e-05,Mice-hc
Non-Switch,2.1547892e-05,Mice-hc
Non-Switch,1.0287679e-05,Mice-hc
Non-Switch,2.6706712e-05,Mice-hc
Non-Switch,2.137124e-05,Mice-hc
Non-Switch,9.958658e-06,Mice-hc
Non-Switch,2.3161661e-05,Mice-hc
Non-Switch,9.246207e-06,Mice-hc
Non-Switch,7.420301e-06,Mice-hc
Non-Switch,7.0340875e-06,Mice-hc
Non-Switch,6.692874e-06,Mice-hc
Non-Switch,8.617736e-06,Mice-hc
Non-Switch,1.1134362e-05,Mice-hc
Non-Switch,9.003162e-06,Mice-hc
Non-Switch,9.527717e-06,Mice-hc
Non-Switch,1.0400521e-05,Mice-hc
Non-Switch,9.213438e-06,Mice-hc
Non-Switch,1.1346884e-05,Mice-hc
Non-Switch,9.485608e-06,Mice-hc
Non-Switch,7.3264464e-06,Mice-hc
Non-Switch,8.071969e-06,Mice-hc
Non-Switch,7.282367e-06,Mice-hc
Non-Switch,8.672144e-06,Mice-hc
Non-Switch,8.506754e-06,Mice-hc
Non-Switch,7.1485965e-06,Mice-hc
Non-Switch,7.561418e-06,Mice-hc
Non-Switch,1.1131093e-05,Mice-hc
Non-Switch,8.844384e-06,Mice-hc
Non-Switch,1.2574552e-05,Mice-hc
Non-Switch,8.2787155e-06,Mice-hc
Non-Switch,1.2783655e-05,Mice-hc
Non-Switch,1.06055395e-05,Mice-hc
Non-Switch,1.1896052e-05,Mice-hc
Non-Switch,7.91629e-06,Mice-hc
Non-Switch,5.8257356e-06,Mice-hc
Non-Switch,6.8780255e-06,Mice-hc
Non-Switch,1.3601976e-05,Mice-hc
Non-Switch,9.442802e-06,Mice-hc
Non-Switch,5.838211e-06,Mice-hc
Non-Switch,1.4682029e-05,Mice-hc
Non-Switch,8.801331e-06,Mice-hc
Non-Switch,1.2389562e-05,Mice-hc
Non-Switch,1.5917787e-05,Mice-hc
Non-Switch,1.7990393e-05,Mice-hc
Non-Switch,1.636022e-05,Mice-hc
Non-Switch,1.1146578e-05,Mice-hc
Non-Switch,8.7579765e-06,Mice-hc
Non-Switch,1.6256423e-05,Mice-hc
Non-Switch,1.6129386e-05,Mice-hc
Non-Switch,1.0894174e-05,Mice-hc
Non-Switch,9.304014e-06,Mice-hc
Non-Switch,1.5087027e-05,Mice-hc
Non-Switch,1.7450977e-05,Mice-hc
Non-Switch,1.4744679e-05,Mice-hc
Non-Switch,8.524005e-06,Mice-hc
Non-Switch,1.5911717e-05,Mice-hc
Non-Switch,2.134914e-05,Mice-hc
Non-Switch,1.0613151e-05,Mice-hc
Non-Switch,1.082221e-05,Mice-hc
Non-Switch,1.3103898e-05,Mice-hc
Non-Switch,1.5914242e-05,Mice-hc
Non-Switch,1.140061e-05,Mice-hc
Non-Switch,1.9221428e-05,Mice-hc
Non-Switch,2.034112e-05,Mice-hc
Non-Switch,1.9266077e-05,Mice-hc
Non-Switch,1.4177005e-05,Mice-hc
Non-Switch,1.6504382e-05,Mice-hc
Non-Switch,1.9581925e-05,Mice-hc
Non-Switch,1.3533496e-05,Mice-hc
Non-Switch,1.6073185e-05,Mice-hc
Non-Switch,1.7276254e-05,Mice-hc
Non-Switch,1.1603986e-05,Mice-hc
Non-Switch,1.2181651e-05,Mice-hc
Non-Switch,4.4591132e-05,Mice-hc
Non-Switch,1.679214e-05,Mice-hc
Non-Switch,1.3067303e-05,Mice-hc
Non-Switch,1.5629286e-05,Mice-hc
Non-Switch,1.8071663e-05,Mice-hc
Non-Switch,2.0091557e-05,Mice-hc
Non-Switch,8.212154e-06,Mice-hc
Non-Switch,2.905593e-05,Mice-hc
Non-Switch,1.9071047e-05,Mice-hc
Non-Switch,2.6175869e-05,Mice-hc
Non-Switch,1.6561478e-05,Mice-hc
Non-Switch,6.109654e-05,Mice-hc
Non-Switch,1.5400587e-05,Mice-hc
Non-Switch,2.0366868e-05,Mice-hc
Non-Switch,1.2296073e-05,Mice-hc
Non-Switch,2.5929592e-05,Mice-hc
Non-Switch,1.4847095e-05,Mice-hc
Non-Switch,1.673833e-05,Mice-hc
Non-Switch,2.1832802e-05,Mice-hc
Non-Switch,1.9571082e-05,Mice-hc
Non-Switch,1.4982221e-05,Mice-hc
Non-Switch,1.6823866e-05,Mice-hc
Non-Switch,0.00013785092,Mice-hc
Non-Switch,1.3327537e-05,Mice-hc
Non-Switch,2.4361365e-05,Mice-hc
Non-Switch,1.2736937e-05,Mice-hc
Non-Switch,1.2105287e-05,Mice-hc
Non-Switch,1.0766853e-05,Mice-hc
Non-Switch,1.2418567e-05,Mice-hc
Non-Switch,2.2582615e-05,Mice-hc
Non-Switch,2.582309e-05,Mice-hc
Non-Switch,9.971532e-06,Mice-hc
Non-Switch,1.4128061e-05,Mice-hc
Non-Switch,0.00031881192,Mice-hc
Non-Switch,1.543085e-05,Mice-hc
Non-Switch,1.4929743e-05,Mice-hc
Non-Switch,1.19630295e-05,Mice-hc
Non-Switch,7.430912e-06,Mice-hc
Non-Switch,1.45897475e-05,Mice-hc
Non-Switch,1.0537162e-05,Mice-hc
Non-Switch,1.1221531e-05,Mice-hc
Non-Switch,7.862858e-06,Mice-hc
Non-Switch,1.3043516e-05,Mice-hc
Non-Switch,9.783678e-06,Mice-hc
Non-Switch,0.0003597917,Mice-hc
Non-Switch,1.5595891e-05,Mice-hc
Non-Switch,1.1984634e-05,Mice-hc
Non-Switch,1.2827065e-05,Mice-hc
Non-Switch,8.939836e-06,Mice-hc
Non-Switch,6.708375e-06,Mice-hc
Non-Switch,6.7307756e-06,Mice-hc
Non-Switch,7.1361346e-06,Mice-hc
Non-Switch,0.0007174,Mice-hc
Non-Switch,8.29669e-06,Mice-hc
Non-Switch,9.646163e-06,Mice-hc
Non-Switch,0.00023884591,Mice-hc
Non-Switch,7.83865e-06,Mice-hc
Non-Switch,6.4706082e-06,Mice-hc
Non-Switch,7.4823497e-06,Mice-hc
Non-Switch,9.451153e-06,Mice-hc
Non-Switch,6.542615e-06,Mice-hc
Non-Switch,8.071367e-06,Mice-hc
Non-Switch,1.0407139e-05,Mice-hc
Non-Switch,8.863162e-06,Mice-hc
Non-Switch,8.385807e-06,Mice-hc
Non-Switch,1.05320705e-05,Mice-hc
Non-Switch,0.00013920655,Mice-hc
Non-Switch,1.3648967e-05,Mice-hc
Non-Switch,1.0131872e-05,Mice-hc
Non-Switch,7.462466e-06,Mice-hc
Non-Switch,7.0035994e-06,Mice-hc
Non-Switch,1.36756435e-05,Mice-hc
Non-Switch,1.24817825e-05,Mice-hc
Non-Switch,1.4973552e-05,Mice-hc
Non-Switch,1.38777705e-05,Mice-hc
Non-Switch,1.6773494e-05,Mice-hc
Non-Switch,1.5890795e-05,Mice-hc
Non-Switch,0.00026470103,Mice-hc
Non-Switch,1.66339e-05,Mice-hc
Non-Switch,2.2438317e-05,Mice-hc
Non-Switch,1.6154305e-05,Mice-hc
Non-Switch,2.3599598e-05,Mice-hc
Non-Switch,4.411421e-05,Mice-hc
Non-Switch,0.00014014254,Mice-hc
Non-Switch,0.00020619844,Mice-hc
Non-Switch,0.00023251346,Mice-hc
Non-Switch,0.0005548056,Mice-hc
Non-Switch,0.00047532117,Mice-hc
Non-Switch,0.00023007872,Mice-hc
Non-Switch,0.0003244956,Mice-hc
Non-Switch,0.00015413645,Mice-hc
Non-Switch,0.0001073737,Mice-hc
Non-Switch,5.8339272e-05,Mice-hc
Non-Switch,7.38972e-05,Mice-hc
Non-Switch,4.132955e-05,Mice-hc
Non-Switch,5.383519e-05,Mice-hc
Non-Switch,5.30587e-05,Mice-hc
Non-Switch,0.0020613524,Mice-hc
Non-Switch,5.6827466e-05,Mice-hc
Non-Switch,9.676698e-06,Mice-hc
Non-Switch,0.00019731317,Mice-hc
Non-Switch,6.7463974e-05,Mice-hc
Non-Switch,4.31655e-05,Mice-hc
Non-Switch,5.2584415e-05,Mice-hc
Non-Switch,4.0635226e-05,Mice-hc
Non-Switch,6.271512e-05,Mice-hc
Non-Switch,7.0396294e-05,Mice-hc
Non-Switch,0.00046696817,Mice-hc
Non-Switch,0.00031427696,Mice-hc
Non-Switch,0.015188048,Mice-hc
Non-Switch,0.00016055601,Mice-hc
Non-Switch,9.493082e-05,Mice-hc
Non-Switch,0.000103967366,Mice-hc
Non-Switch,0.0014094885,Mice-hc
Non-Switch,0.00048501868,Mice-hc
Non-Switch,0.0010716355,Mice-hc
Non-Switch,6.294924e-05,Mice-hc
Non-Switch,8.937485e-05,Mice-hc
Non-Switch,0.0002030658,Mice-hc
Non-Switch,0.00017281604,Mice-hc
Non-Switch,5.7016572e-05,Mice-hc
Non-Switch,0.0014288886,Mice-hc
Non-Switch,5.9797123e-05,Mice-hc
Non-Switch,6.6056105e-05,Mice-hc
Non-Switch,0.000782916,Mice-hc
Non-Switch,4.934639e-05,Mice-hc
Non-Switch,0.00032214585,Mice-hc
Non-Switch,0.00014353628,Mice-hc
Non-Switch,3.408957e-05,Mice-hc
Non-Switch,3.2637545e-05,Mice-hc
Non-Switch,0.0015244164,Mice-hc
Non-Switch,0.0006431964,Mice-hc
Non-Switch,3.6969446e-05,Mice-hc
Non-Switch,4.4887052e-05,Mice-hc
Non-Switch,4.3287757e-05,Mice-hc
Non-Switch,0.0004011643,Mice-hc
Non-Switch,2.4024841e-05,Mice-hc
Non-Switch,0.0015293395,Mice-hc
Non-Switch,2.4987285e-05,Mice-hc
Non-Switch,2.5261483e-05,Mice-hc
Non-Switch,2.7424287e-05,Mice-hc
Non-Switch,0.0018378347,Mice-hc
Non-Switch,0.0016730588,Mice-hc
Non-Switch,3.1916174e-05,Mice-hc
Non-Switch,9.852842e-05,Mice-hc
Non-Switch,1.3356601e-05,Mice-hc
Non-Switch,2.7134665e-05,Mice-hc
Non-Switch,1.945813e-05,Mice-hc
Non-Switch,1.8791383e-05,Mice-hc
Non-Switch,2.645154e-05,Mice-hc
Non-Switch,1.4394491e-05,Mice-hc
Non-Switch,2.240899e-05,Mice-hc
Non-Switch,3.7399946e-05,Mice-hc
Non-Switch,3.59705e-05,Mice-hc
Non-Switch,4.8473496e-05,Mice-hc
Non-Switch,0.0033766935,Mice-hc
Non-Switch,4.259685e-05,Mice-hc
Non-Switch,0.00014166112,Mice-hc
Non-Switch,0.00014698501,Mice-hc
Non-Switch,0.00046920043,Mice-hc
Non-Switch,0.0068731615,Mice-hc
Non-Switch,0.007080806,Mice-hc
Non-Switch,0.0040067597,Mice-hc
Non-Switch,0.0075264694,Mice-hc
Non-Switch,0.03368176,Mice-hc
Non-Switch,0.007263157,Mice-hc
Non-Switch,9.5867006e-05,Mice-hc
Non-Switch,0.0077154282,Mice-hc
Non-Switch,0.004786864,Mice-hc
Non-Switch,0.0037748131,Mice-hc
Non-Switch,0.0029389514,Mice-hc
Non-Switch,0.0011990546,Mice-hc
Non-Switch,0.00055286847,Mice-hc
Non-Switch,0.0002825251,Mice-hc
Non-Switch,0.00017399756,Mice-hc
Non-Switch,0.00011287709,Mice-hc
Non-Switch,7.796196e-05,Mice-hc
Non-Switch,0.0001290713,Mice-hc
Non-Switch,3.589339e-05,Mice-hc
Non-Switch,3.6596342e-05,Mice-hc
Non-Switch,0.0020479204,Mice-hc
Non-Switch,0.0011737869,Mice-hc
Non-Switch,2.452571e-05,Mice-hc
Non-Switch,1.372634e-05,Mice-hc
Non-Switch,1.3207949e-05,Mice-hc
Non-Switch,1.5187958e-05,Mice-hc
Non-Switch,2.2430817e-05,Mice-hc
Non-Switch,1.9885441e-05,Mice-hc
Non-Switch,0.0012268095,Mice-hc
Non-Switch,2.130308e-05,Mice-hc
Non-Switch,2.0762225e-05,Mice-hc
Non-Switch,1.5161791e-05,Mice-hc
Non-Switch,1.7895118e-05,Mice-hc
Non-Switch,2.0501795e-05,Mice-hc
Non-Switch,1.7068829e-05,Mice-hc
Non-Switch,2.1205584e-05,Mice-hc
Non-Switch,2.430639e-05,Mice-hc
Non-Switch,3.2058553e-05,Mice-hc
Non-Switch,2.6491798e-05,Mice-hc
Non-Switch,0.017529586,Mice-hc
Non-Switch,1.5917827e-05,Mice-hc
Non-Switch,1.6590762e-05,Mice-hc
Non-Switch,7.7243625e-05,Mice-hc
Non-Switch,2.4434605e-05,Mice-hc
Non-Switch,2.4882069e-05,Mice-hc
Non-Switch,1.8692304e-05,Mice-hc
Non-Switch,2.1735854e-05,Mice-hc
Non-Switch,3.1707918e-05,Mice-hc
Non-Switch,5.34617e-05,Mice-hc
Non-Switch,2.9848306e-05,Mice-hc
Non-Switch,1.33277945e-05,Mice-hc
Non-Switch,0.00027188353,Mice-hc
Non-Switch,0.0017624828,Mice-hc
Non-Switch,0.0018565462,Mice-hc
Non-Switch,2.2972072e-05,Mice-hc
Non-Switch,2.1788579e-05,Mice-hc
Non-Switch,0.00044339686,Mice-hc
Non-Switch,2.261734e-05,Mice-hc
Non-Switch,0.00080558774,Mice-hc
Non-Switch,0.00012967213,Mice-hc
Non-Switch,0.0001299662,Mice-hc
Non-Switch,4.323109e-05,Mice-hc
Non-Switch,0.0001012494,Mice-hc
Non-Switch,0.0005318639,Mice-hc
Non-Switch,3.723354e-05,Mice-hc
Non-Switch,0.0012551862,Mice-hc
Non-Switch,2.262608e-05,Mice-hc
Non-Switch,3.3874247e-05,Mice-hc
Non-Switch,2.7131695e-05,Mice-hc
Non-Switch,3.4383032e-05,Mice-hc
Non-Switch,3.1864005e-05,Mice-hc
Non-Switch,3.084324e-05,Mice-hc
Non-Switch,2.4050965e-05,Mice-hc
Non-Switch,7.59238e-05,Mice-hc
Non-Switch,2.9847839e-05,Mice-hc
Non-Switch,3.7647667e-05,Mice-hc
Non-Switch,3.504719e-05,Mice-hc
Non-Switch,0.027349541,Mice-hc
Non-Switch,0.0069411043,Mice-hc
Non-Switch,0.0009139279,Mice-hc
Non-Switch,9.912307e-05,Mice-hc
Non-Switch,0.00015427981,Mice-hc
Non-Switch,0.00014833288,Mice-hc
Non-Switch,0.00015103392,Mice-hc
Non-Switch,3.1916632e-05,Mice-hc
Non-Switch,7.666455e-05,Mice-hc
Non-Switch,0.0075017535,Mice-hc
Non-Switch,8.932958e-05,Mice-hc
Non-Switch,6.4113956e-05,Mice-hc
Non-Switch,0.0015150938,Mice-hc
Non-Switch,1.7597811e-05,Mice-hc
Non-Switch,1.30220815e-05,Mice-hc
Non-Switch,1.0596271e-05,Mice-hc
Non-Switch,1.4494925e-05,Mice-hc
Non-Switch,0.00089847355,Mice-hc
Non-Switch,6.183164e-05,Mice-hc
Non-Switch,0.0006995663,Mice-hc
Non-Switch,0.0008259371,Mice-hc
Non-Switch,0.0006610817,Mice-hc
Non-Switch,1.0133297e-05,Mice-hc
Non-Switch,1.0502756e-05,Mice-hc
Non-Switch,0.00069882546,Mice-hc
Non-Switch,0.0008851425,Mice-hc
Non-Switch,1.1034341e-05,Mice-hc
Non-Switch,1.1881712e-05,Mice-hc
Non-Switch,0.0018504901,Mice-hc
Non-Switch,0.0042089233,Mice-hc
Non-Switch,0.0004176658,Mice-hc
Non-Switch,0.0016798944,Mice-hc
Non-Switch,0.0012631469,Mice-hc
Non-Switch,2.6561953e-05,Mice-hc
Non-Switch,2.11085e-05,Mice-hc
Non-Switch,3.5677487e-05,Mice-hc
Non-Switch,6.062946e-05,Mice-hc
Non-Switch,6.749957e-05,Mice-hc
Non-Switch,7.156129e-05,Mice-hc
Non-Switch,3.243026e-05,Mice-hc
Non-Switch,0.24634047,Mice-hc
Non-Switch,1.5273665e-05,Mice-hc
Non-Switch,1.1144769e-05,Mice-hc
Non-Switch,8.829671e-06,Mice-hc
Non-Switch,7.399951e-06,Mice-hc
Non-Switch,6.662459e-06,Mice-hc
Non-Switch,1.0509779e-05,Mice-hc
Non-Switch,7.0892725e-06,Mice-hc
Non-Switch,7.787276e-06,Mice-hc
Non-Switch,9.050764e-06,Mice-hc
Non-Switch,8.195661e-06,Mice-hc
Non-Switch,0.2259007,Mice-hc
Non-Switch,7.1269433e-06,Mice-hc
Non-Switch,7.0519327e-06,Mice-hc
Non-Switch,8.357627e-06,Mice-hc
Non-Switch,8.196183e-06,Mice-hc
Non-Switch,7.6161277e-06,Mice-hc
Non-Switch,1.06443e-05,Mice-hc
Non-Switch,1.1131797e-05,Mice-hc
Non-Switch,8.365568e-06,Mice-hc
Non-Switch,9.1179645e-06,Mice-hc
Non-Switch,6.5216004e-06,Mice-hc
Non-Switch,0.002844445,Mice-hc
Non-Switch,7.4686823e-06,Mice-hc
Non-Switch,1.25498955e-05,Mice-hc
Non-Switch,6.7669193e-06,Mice-hc
Non-Switch,1.4419219e-05,Mice-hc
Non-Switch,6.5529903e-06,Mice-hc
Non-Switch,8.914059e-06,Mice-hc
Non-Switch,2.4969346e-05,Mice-hc
Non-Switch,1.728559e-05,Mice-hc
Non-Switch,1.5604845e-05,Mice-hc
Non-Switch,1.5470963e-05,Mice-hc
Non-Switch,0.05105319,Mice-hc
Non-Switch,1.244186e-05,Mice-hc
Non-Switch,1.2213655e-05,Mice-hc
Non-Switch,8.403431e-06,Mice-hc
Non-Switch,1.0087166e-05,Mice-hc
Non-Switch,7.5689613e-06,Mice-hc
Non-Switch,8.8739935e-06,Mice-hc
Non-Switch,9.603107e-06,Mice-hc
Non-Switch,1.1518396e-05,Mice-hc
Non-Switch,1.3342409e-05,Mice-hc
Non-Switch,6.199435e-06,Mice-hc
Non-Switch,0.21410167,Mice-hc
Non-Switch,6.40867e-06,Mice-hc
Non-Switch,0.045096055,Mice-hc
Non-Switch,9.237716e-06,Mice-hc
Non-Switch,7.2506323e-06,Mice-hc
Non-Switch,7.4596237e-06,Mice-hc
Non-Switch,9.933738e-06,Mice-hc
Non-Switch,7.517053e-06,Mice-hc
Non-Switch,1.0262367e-05,Mice-hc
Non-Switch,1.7267721e-05,Mice-hc
Non-Switch,3.2346925e-05,Mice-hc
Non-Switch,7.107999e-06,Mice-hc
Non-Switch,7.066974e-06,Mice-hc
Non-Switch,0.0030247527,Mice-hc
Non-Switch,8.573963e-06,Mice-hc
Non-Switch,1.47623305e-05,Mice-hc
Non-Switch,1.2442137e-05,Mice-hc
Non-Switch,9.752848e-06,Mice-hc
Non-Switch,2.741401e-05,Mice-hc
Non-Switch,1.00231355e-05,Mice-hc
Non-Switch,1.14411905e-05,Mice-hc
Non-Switch,3.2586377e-05,Mice-hc
Non-Switch,1.3938277e-05,Mice-hc
Non-Switch,1.0565314e-05,Mice-hc
Non-Switch,0.00020041101,Mice-hc
Non-Switch,6.898277e-06,Mice-hc
Non-Switch,1.7651431e-05,Mice-hc
Non-Switch,1.1606019e-05,Mice-hc
Non-Switch,2.9533909e-05,Mice-hc
Non-Switch,5.5676504e-05,Mice-hc
Non-Switch,1.6186785e-05,Mice-hc
Non-Switch,1.7587683e-05,Mice-hc
Non-Switch,1.0045199e-05,Mice-hc
Non-Switch,1.05713825e-05,Mice-hc
Non-Switch,1.0115101e-05,Mice-hc
Non-Switch,2.730052e-05,Mice-hc
Non-Switch,1.4837358e-05,Mice-hc
Non-Switch,9.763595e-06,Mice-hc
Non-Switch,3.3341963e-05,Mice-hc
Non-Switch,1.2734895e-05,Mice-hc
Non-Switch,6.192917e-06,Mice-hc
Non-Switch,6.9337366e-06,Mice-hc
Non-Switch,8.414596e-06,Mice-hc
Non-Switch,1.1407575e-05,Mice-hc
Non-Switch,1.7633636e-05,Mice-hc
Non-Switch,1.3547246e-05,Mice-hc
Non-Switch,1.7588061e-05,Mice-hc
Non-Switch,1.5659029e-05,Mice-hc
Non-Switch,1.3215227e-05,Mice-hc
Non-Switch,1.3162362e-05,Mice-hc
Non-Switch,7.0606684e-06,Mice-hc
Non-Switch,1.0892324e-05,Mice-hc
Non-Switch,6.0320663e-06,Mice-hc
Non-Switch,5.8387645e-06,Mice-hc
Non-Switch,7.0439837e-06,Mice-hc
Non-Switch,5.84552e-06,Mice-hc
Non-Switch,6.7605433e-06,Mice-hc
Non-Switch,2.179333e-05,Mice-hc
Non-Switch,8.248666e-06,Mice-hc
Non-Switch,8.129287e-06,Mice-hc
Non-Switch,7.721843e-06,Mice-hc
Non-Switch,9.65765e-06,Mice-hc
Non-Switch,0.0018033746,Mice-hc
Non-Switch,8.292069e-06,Mice-hc
Non-Switch,9.989076e-06,Mice-hc
Non-Switch,3.7921513e-05,Mice-hc
Non-Switch,0.001545877,Mice-hc
Non-Switch,1.74732e-05,Mice-hc
Non-Switch,1.6021002e-05,Mice-hc
Non-Switch,8.285423e-06,Mice-hc
Non-Switch,7.829363e-06,Mice-hc
Non-Switch,1.2200393e-05,Mice-hc
Non-Switch,1.2297549e-05,Mice-hc
Non-Switch,1.8216957e-05,Mice-hc
Non-Switch,1.6827782e-05,Mice-hc
Non-Switch,2.1270198e-05,Mice-hc
Non-Switch,1.9708114e-05,Mice-hc
Non-Switch,1.39488875e-05,Mice-hc
Non-Switch,1.6158087e-05,Mice-hc
Non-Switch,1.0981096e-05,Mice-hc
Non-Switch,1.5696522e-05,Mice-hc
Non-Switch,1.7994556e-05,Mice-hc
Non-Switch,2.6162254e-05,Mice-hc
Non-Switch,1.6476286e-05,Mice-hc
Non-Switch,1.35145565e-05,Mice-hc
Non-Switch,1.3725266e-05,Mice-hc
Non-Switch,1.4657648e-05,Mice-hc
Non-Switch,1.3004813e-05,Mice-hc
Non-Switch,6.581905e-05,Mice-hc
Non-Switch,1.559415e-05,Mice-hc
Non-Switch,1.1237011e-05,Mice-hc
Non-Switch,8.517565e-06,Mice-hc
Non-Switch,5.356321e-06,Mice-hc
Non-Switch,1.3290433e-05,Mice-hc
Non-Switch,0.000119437835,Mice-hc
Non-Switch,2.5783547e-05,Mice-hc
Non-Switch,3.4418157e-05,Mice-hc
Non-Switch,0.00496801,Mice-hc
Non-Switch,0.0007502273,Mice-hc
Non-Switch,1.8149043e-05,Mice-hc
Non-Switch,3.518814e-05,Mice-hc
Non-Switch,9.650417e-06,Mice-hc
Non-Switch,1.4140507e-05,Mice-hc
Non-Switch,1.7256249e-05,Mice-hc
Non-Switch,1.6671693e-05,Mice-hc
Non-Switch,1.5693162e-05,Mice-hc
Non-Switch,2.0090632e-05,Mice-hc
Non-Switch,1.5412777e-05,Mice-hc
Non-Switch,9.6012394e-05,Mice-hc
Non-Switch,8.704129e-05,Mice-hc
Non-Switch,8.178716e-05,Mice-hc
Non-Switch,0.060085498,Mice-hc
Non-Switch,1.0310526e-05,Mice-hc
Non-Switch,1.3216589e-05,Mice-hc
Non-Switch,0.00092817494,Mice-hc
Non-Switch,0.0001808917,Mice-hc
Non-Switch,0.00025455985,Mice-hc
Non-Switch,0.00010443272,Mice-hc
Non-Switch,0.00014005201,Mice-hc
Non-Switch,0.00015394833,Mice-hc
Non-Switch,0.00025346322,Mice-hc
Non-Switch,3.973212e-05,Mice-hc
Non-Switch,3.0212925e-05,Mice-hc
Non-Switch,0.052818164,Mice-hc
Non-Switch,1.91344e-05,Mice-hc
Non-Switch,0.00088804046,Mice-hc
Non-Switch,0.00013506843,Mice-hc
Non-Switch,3.0288102e-05,Mice-hc
Non-Switch,1.5599533e-05,Mice-hc
Non-Switch,8.529163e-05,Mice-hc
Non-Switch,0.00031526622,Mice-hc
Non-Switch,0.00013863065,Mice-hc
Non-Switch,0.0012698933,Mice-hc
Non-Switch,0.00048100355,Mice-hc
Non-Switch,8.88156e-05,Mice-hc
Non-Switch,8.487662e-05,Mice-hc
Non-Switch,0.00018455012,Mice-hc
Non-Switch,7.677109e-05,Mice-hc
Non-Switch,0.000121170066,Mice-hc
Non-Switch,1.7153867e-05,Mice-hc
Non-Switch,4.4621273e-05,Mice-hc
Non-Switch,1.9926469e-05,Mice-hc
Non-Switch,1.2589224e-05,Mice-hc
Non-Switch,1.38650075e-05,Mice-hc
Non-Switch,1.0234022e-05,Mice-hc
Non-Switch,1.2160415e-05,Mice-hc
Non-Switch,7.14102e-05,Mice-hc
Non-Switch,1.1745281e-05,Mice-hc
Non-Switch,9.660887e-06,Mice-hc
Non-Switch,1.4361425e-05,Mice-hc
Non-Switch,0.009549621,Mice-hc
Non-Switch,0.0017095526,Mice-hc
Non-Switch,1.3271199e-05,Mice-hc
Non-Switch,1.5326517e-05,Mice-hc
Non-Switch,1.6283295e-05,Mice-hc
Non-Switch,1.344836e-05,Mice-hc
Non-Switch,8.93948e-06,Mice-hc
Non-Switch,9.645244e-05,Mice-hc
Non-Switch,1.1854534e-05,Mice-hc
Non-Switch,9.707377e-06,Mice-hc
Non-Switch,8.108533e-06,Mice-hc
Non-Switch,9.323692e-06,Mice-hc
Non-Switch,1.457207e-05,Mice-hc
Non-Switch,1.4750518e-05,Mice-hc
Non-Switch,1.1823426e-05,Mice-hc
Non-Switch,1.0083102e-05,Mice-hc
Non-Switch,9.126288e-06,Mice-hc
Non-Switch,1.1468497e-05,Mice-hc
Non-Switch,5.871969e-05,Mice-hc
Non-Switch,1.4453695e-05,Mice-hc
Non-Switch,1.4621488e-05,Mice-hc
Non-Switch,0.0006642967,Mice-hc
Non-Switch,0.00040847002,Mice-hc
Non-Switch,1.5040215e-05,Mice-hc
Non-Switch,0.00065462745,Mice-hc
Non-Switch,1.4931367e-05,Mice-hc
Non-Switch,9.35179e-06,Mice-hc
Non-Switch,1.2324499e-05,Mice-hc
Non-Switch,1.0263327e-05,Mice-hc
Non-Switch,3.8564292e-05,Mice-hc
Non-Switch,0.00040605172,Mice-hc
Non-Switch,0.00046526294,Mice-hc
Non-Switch,3.2400072e-05,Mice-hc
Non-Switch,2.9779723e-05,Mice-hc
Non-Switch,2.5326499e-05,Mice-hc
Non-Switch,2.8043856e-05,Mice-hc
Non-Switch,2.8020415e-05,Mice-hc
Non-Switch,1.1996941e-05,Mice-hc
Non-Switch,2.0114017e-05,Mice-hc
Non-Switch,2.1613789e-05,Mice-hc
Non-Switch,4.9139002e-05,Mice-hc
Non-Switch,2.2038152e-05,Mice-hc
Non-Switch,2.6800048e-05,Mice-hc
Non-Switch,0.00044163596,Mice-hc
Non-Switch,2.2337623e-05,Mice-hc
Non-Switch,1.7804408e-05,Mice-hc
Non-Switch,2.9785791e-05,Mice-hc
Non-Switch,3.1101015e-05,Mice-hc
Non-Switch,2.8127251e-05,Mice-hc
Non-Switch,2.238452e-05,Mice-hc
Non-Switch,2.241116e-05,Mice-hc
Non-Switch,5.9630976e-05,Mice-hc
Non-Switch,2.9575885e-05,Mice-hc
Non-Switch,3.3145734e-05,Mice-hc
Non-Switch,2.01465e-05,Mice-hc
Non-Switch,2.0810352e-05,Mice-hc
Non-Switch,2.0545212e-05,Mice-hc
Non-Switch,1.373668e-05,Mice-hc
Non-Switch,1.6230926e-05,Mice-hc
Non-Switch,1.4836576e-05,Mice-hc
Non-Switch,2.4468758e-05,Mice-hc
Non-Switch,7.845192e-05,Mice-hc
Non-Switch,3.8538572e-05,Mice-hc
Non-Switch,0.00027609072,Mice-hc
Non-Switch,0.0007141132,Mice-hc
Non-Switch,0.0013341599,Mice-hc
Non-Switch,0.004465478,Mice-hc
Non-Switch,0.009129242,Mice-hc
Non-Switch,0.026272772,Mice-hc
Non-Switch,0.016554011,Mice-hc
Non-Switch,0.011865214,Mice-hc
Non-Switch,0.32340097,Mice-hc
Non-Switch,0.026066784,Mice-hc
Non-Switch,1.0347825e-05,Mice-hc
Non-Switch,3.4367953e-05,Mice-hc
Non-Switch,0.04273711,Mice-hc
Non-Switch,0.0027563637,Mice-hc
Non-Switch,0.002321701,Mice-hc
Non-Switch,9.061216e-05,Mice-hc
Non-Switch,5.4756583e-05,Mice-hc
Non-Switch,0.00018995313,Mice-hc
Non-Switch,0.005586417,Mice-hc
Non-Switch,6.112441e-05,Mice-hc
Non-Switch,0.00026275954,Mice-hc
Non-Switch,1.2309529e-05,Mice-hc
Non-Switch,3.2354197e-05,Mice-hc
Non-Switch,1.1918743e-05,Mice-hc
Non-Switch,9.199003e-06,Mice-hc
Non-Switch,1.4206236e-05,Mice-hc
Non-Switch,1.61803e-05,Mice-hc
Non-Switch,1.7004144e-05,Mice-hc
Non-Switch,1.7902994e-05,Mice-hc
Non-Switch,7.914868e-06,Mice-hc
Non-Switch,1.495918e-05,Mice-hc
Non-Switch,1.0287603e-05,Mice-hc
Non-Switch,1.4688312e-05,Mice-hc
Non-Switch,1.9762645e-05,Mice-hc
Non-Switch,0.0016000737,Mice-hc
Non-Switch,0.00079393823,Mice-hc
Non-Switch,9.186551e-06,Mice-hc
Non-Switch,1.5192345e-05,Mice-hc
Non-Switch,2.1074731e-05,Mice-hc
Non-Switch,2.4997942e-05,Mice-hc
Non-Switch,5.4251563e-05,Mice-hc
Non-Switch,3.6883936e-05,Mice-hc
Non-Switch,1.7099504e-05,Mice-hc
Non-Switch,1.58108e-05,Mice-hc
Non-Switch,2.6137437e-05,Mice-hc
Non-Switch,0.00010748822,Mice-hc
Non-Switch,5.1765404e-05,Mice-hc
Non-Switch,7.8285084e-05,Mice-hc
Non-Switch,9.119336e-05,Mice-hc
Non-Switch,7.293553e-05,Mice-hc
Non-Switch,4.977861e-05,Mice-hc
Non-Switch,0.000100751866,Mice-hc
Non-Switch,6.2253406e-05,Mice-hc
Non-Switch,4.2162217e-05,Mice-hc
Non-Switch,0.1890925,Mice-hc
Non-Switch,2.7587608e-05,Mice-hc
Non-Switch,0.0065076044,Mice-hc
Non-Switch,7.071829e-05,Mice-hc
Non-Switch,7.6641816e-05,Mice-hc
Non-Switch,0.00031321272,Mice-hc
Non-Switch,0.00062538637,Mice-hc
Non-Switch,0.0009631246,Mice-hc
Non-Switch,0.08294926,Mice-hc
Non-Switch,0.005288276,Mice-hc
Non-Switch,0.34073338,Mice-hc
Non-Switch,0.008847919,Mice-hc
Non-Switch,3.1111555e-05,Mice-hc
Non-Switch,0.06656601,Mice-hc
Non-Switch,0.0035417452,Mice-hc
Non-Switch,0.005649843,Mice-hc
Non-Switch,0.0065017366,Mice-hc
Non-Switch,0.005467532,Mice-hc
Non-Switch,0.0059078303,Mice-hc
Non-Switch,0.009594944,Mice-hc
Non-Switch,0.03987477,Mice-hc
Non-Switch,0.00577809,Mice-hc
Non-Switch,0.0036646384,Mice-hc
Non-Switch,5.057228e-05,Mice-hc
Non-Switch,0.0012003344,Mice-hc
Non-Switch,0.00023307635,Mice-hc
Non-Switch,0.00010021507,Mice-hc
Non-Switch,4.098661e-05,Mice-hc
Non-Switch,2.0730067e-05,Mice-hc
Non-Switch,9.05562e-06,Mice-hc
Non-Switch,8.278741e-06,Mice-hc
Non-Switch,1.1556319e-05,Mice-hc
Non-Switch,8.555117e-06,Mice-hc
Non-Switch,8.900357e-06,Mice-hc
Non-Switch,5.0291877e-05,Mice-hc
Non-Switch,1.3088242e-05,Mice-hc
Non-Switch,1.0503467e-05,Mice-hc
Non-Switch,9.850417e-06,Mice-hc
Non-Switch,1.2497988e-05,Mice-hc
Non-Switch,1.7810627e-05,Mice-hc
Non-Switch,2.2650624e-05,Mice-hc
Non-Switch,3.9653383e-05,Mice-hc
Non-Switch,0.009765647,Mice-hc
Non-Switch,0.004842663,Mice-hc
Non-Switch,5.8119054e-05,Mice-hc
Non-Switch,8.832245e-05,Mice-hc
Non-Switch,6.139301e-05,Mice-hc
Non-Switch,0.00011648047,Mice-hc
Non-Switch,0.00027007412,Mice-hc
Non-Switch,0.0003675224,Mice-hc
Non-Switch,7.300586e-05,Mice-hc
Non-Switch,3.711951e-05,Mice-hc
Non-Switch,3.9178514e-05,Mice-hc
Non-Switch,3.7191163e-05,Mice-hc
Non-Switch,2.9387169e-05,Mice-hc
Non-Switch,2.623939e-05,Mice-hc
Non-Switch,6.9405694e-05,Mice-hc
Non-Switch,1.7524437e-05,Mice-hc
Non-Switch,1.8947858e-05,Mice-hc
Non-Switch,0.0015194728,Mice-hc
Non-Switch,0.0008873942,Mice-hc
Non-Switch,0.0016342844,Mice-hc
Non-Switch,0.0009625936,Mice-hc
Non-Switch,2.069789e-05,Mice-hc
Non-Switch,1.9034813e-05,Mice-hc
Non-Switch,1.859011e-05,Mice-hc
Non-Switch,3.9656632e-05,Mice-hc
Non-Switch,8.140213e-06,Mice-hc
Non-Switch,0.00025755685,Mice-hc
Non-Switch,2.2957662e-05,Mice-hc
Non-Switch,2.7383407e-05,Mice-hc
Non-Switch,3.3419186e-05,Mice-hc
Non-Switch,9.817485e-06,Mice-hc
Non-Switch,1.1445139e-05,Mice-hc
Non-Switch,0.002345563,Mice-hc
Non-Switch,0.00088946027,Mice-hc
Non-Switch,2.3709152e-05,Mice-hc
Non-Switch,0.0018917935,Mice-hc
Non-Switch,3.467761e-05,Mice-hc
Non-Switch,0.0018841783,Mice-hc
Non-Switch,0.0010438947,Mice-hc
Non-Switch,3.0515273e-05,Mice-hc
Non-Switch,0.001152519,Mice-hc
Non-Switch,2.729998e-05,Mice-hc
Non-Switch,0.0010022293,Mice-hc
Non-Switch,0.0010178788,Mice-hc
Non-Switch,0.0012262759,Mice-hc
Non-Switch,0.0010777683,Mice-hc
Non-Switch,2.796994e-05,Mice-hc
Non-Switch,2.3778215e-05,Mice-hc
Non-Switch,0.00016031643,Mice-hc
Non-Switch,0.0014066424,Mice-hc
Non-Switch,7.905426e-05,Mice-hc
Non-Switch,4.587029e-05,Mice-hc
Non-Switch,6.3921456e-05,Mice-hc
Non-Switch,0.0011974972,Mice-hc
Non-Switch,0.0010310154,Mice-hc
Non-Switch,0.0011328524,Mice-hc
Non-Switch,0.0009125238,Mice-hc
Non-Switch,2.9282115e-05,Mice-hc
Non-Switch,2.459714e-05,Mice-hc
Non-Switch,5.842709e-05,Mice-hc
Non-Switch,0.0011605544,Mice-hc
Non-Switch,1.5508233e-05,Mice-hc
Non-Switch,0.000972167,Mice-hc
Non-Switch,2.1824575e-05,Mice-hc
Non-Switch,3.195883e-05,Mice-hc
Non-Switch,2.5551068e-05,Mice-hc
Non-Switch,2.775924e-05,Mice-hc
Non-Switch,2.7566773e-05,Mice-hc
Non-Switch,0.0014281924,Mice-hc
Non-Switch,0.000926074,Mice-hc
Non-Switch,4.325437e-05,Mice-hc
Non-Switch,2.5778289e-05,Mice-hc
Non-Switch,0.0014491341,Mice-hc
Non-Switch,0.0008767664,Mice-hc
Non-Switch,3.7375205e-05,Mice-hc
Non-Switch,2.1826849e-05,Mice-hc
Non-Switch,0.0014377696,Mice-hc
Non-Switch,1.7792396e-05,Mice-hc
Non-Switch,0.0010064163,Mice-hc
Non-Switch,3.847432e-05,Mice-hc
Non-Switch,2.5894798e-05,Mice-hc
Non-Switch,0.002345847,Mice-hc
Non-Switch,2.9797091e-05,Mice-hc
Non-Switch,3.3976285e-05,Mice-hc
Non-Switch,4.8163376e-05,Mice-hc
Non-Switch,0.0012135825,Mice-hc
Non-Switch,0.00086472096,Mice-hc
Non-Switch,4.6354067e-05,Mice-hc
Non-Switch,1.6131988e-05,Mice-hc
Non-Switch,1.6911916e-05,Mice-hc
Non-Switch,1.4844026e-05,Mice-hc
Non-Switch,1.8849803e-05,Mice-hc
Non-Switch,0.00010562273,Mice-hc
Non-Switch,2.9370696e-05,Mice-hc
Non-Switch,1.9530124e-05,Mice-hc
Non-Switch,1.1819158e-05,Mice-hc
Non-Switch,1.4977989e-05,Mice-hc
Non-Switch,1.3624288e-05,Mice-hc
Non-Switch,1.2160108e-05,Mice-hc
Non-Switch,0.0027097182,Mice-hc
Non-Switch,0.00085586467,Mice-hc
Non-Switch,1.7362123e-05,Mice-hc
Non-Switch,1.7693614e-05,Mice-hc
Non-Switch,0.00025838974,Mice-hc
Non-Switch,0.002052315,Mice-hc
Non-Switch,0.00090644375,Mice-hc
Non-Switch,0.0013750612,Mice-hc
Non-Switch,0.0010478798,Mice-hc
Non-Switch,2.388122e-05,Mice-hc
Non-Switch,3.0330186e-05,Mice-hc
Non-Switch,2.6035843e-05,Mice-hc
Non-Switch,5.649563e-05,Mice-hc
Non-Switch,0.0015319177,Mice-hc
Non-Switch,0.00088884187,Mice-hc
Non-Switch,0.00087344175,Mice-hc
Non-Switch,2.4382913e-05,Mice-hc
Non-Switch,1.8797475e-05,Mice-hc
Non-Switch,0.0025827943,Mice-hc
Non-Switch,3.7250426e-05,Mice-hc
Non-Switch,0.0010485888,Mice-hc
Non-Switch,0.0015155056,Mice-hc
Non-Switch,1.6132844e-05,Mice-hc
Non-Switch,1.5071928e-05,Mice-hc
Non-Switch,1.918322e-05,Mice-hc
Non-Switch,1.3296381e-05,Mice-hc
Non-Switch,0.0026284347,Mice-hc
Non-Switch,1.4358624e-05,Mice-hc
Non-Switch,1.5288286e-05,Mice-hc
Non-Switch,0.002951047,Mice-hc
Non-Switch,0.0013098308,Mice-hc
Non-Switch,0.0012538423,Mice-hc
Non-Switch,0.0010018208,Mice-hc
Non-Switch,1.2233839e-05,Mice-hc
Non-Switch,0.0012452117,Mice-hc
Non-Switch,6.637676e-05,Mice-hc
Non-Switch,0.00013106636,Mice-hc
Non-Switch,1.0588652e-05,Mice-hc
Non-Switch,0.0017443406,Mice-hc
Non-Switch,4.5114866e-05,Mice-hc
Non-Switch,2.1820531e-05,Mice-hc
Non-Switch,1.8168284e-05,Mice-hc
Non-Switch,4.90542e-05,Mice-hc
Non-Switch,2.0347037e-05,Mice-hc
Non-Switch,1.1381084e-05,Mice-hc
Non-Switch,1.2270679e-05,Mice-hc
Non-Switch,1.5262227e-05,Mice-hc
Non-Switch,1.9620842e-05,Mice-hc
Non-Switch,1.4533553e-05,Mice-hc
Non-Switch,0.0014785853,Mice-hc
Non-Switch,1.1982062e-05,Mice-hc
Non-Switch,1.60791e-05,Mice-hc
Non-Switch,1.3029573e-05,Mice-hc
Non-Switch,1.1085127e-05,Mice-hc
Non-Switch,1.7249891e-05,Mice-hc
Non-Switch,1.39660215e-05,Mice-hc
Non-Switch,1.4628253e-05,Mice-hc
Non-Switch,1.2990453e-05,Mice-hc
Non-Switch,1.0248456e-05,Mice-hc
Non-Switch,1.0367653e-05,Mice-hc
Non-Switch,0.00094226905,Mice-hc
Non-Switch,1.5077338e-05,Mice-hc
Non-Switch,2.230363e-05,Mice-hc
Non-Switch,1.4210889e-05,Mice-hc
Non-Switch,1.2296774e-05,Mice-hc
Non-Switch,1.1148111e-05,Mice-hc
Non-Switch,1.0137785e-05,Mice-hc
Non-Switch,1.5755746e-05,Mice-hc
Non-Switch,1.3763284e-05,Mice-hc
Non-Switch,1.4973737e-05,Mice-hc
Non-Switch,1.6302896e-05,Mice-hc
Non-Switch,0.00077365694,Mice-hc
Non-Switch,2.3903161e-05,Mice-hc
Non-Switch,1.2697861e-05,Mice-hc
Non-Switch,2.1150936e-05,Mice-hc
Non-Switch,2.1013453e-05,Mice-hc
Non-Switch,1.4596932e-05,Mice-hc
Non-Switch,1.751065e-05,Mice-hc
Non-Switch,1.4949526e-05,Mice-hc
Non-Switch,1.4826325e-05,Mice-hc
Non-Switch,1.4026797e-05,Mice-hc
Non-Switch,1.4455371e-05,Mice-hc
Non-Switch,0.00017755834,Mice-hc
Non-Switch,1.31250745e-05,Mice-hc
Non-Switch,1.4532454e-05,Mice-hc
Non-Switch,1.5029836e-05,Mice-hc
Non-Switch,1.800945e-05,Mice-hc
Non-Switch,1.2573562e-05,Mice-hc
Non-Switch,1.6918735e-05,Mice-hc
Non-Switch,1.11588215e-05,Mice-hc
Non-Switch,3.9146147e-05,Mice-hc
Non-Switch,1.9767624e-05,Mice-hc
Non-Switch,2.1931488e-05,Mice-hc
Non-Switch,8.749464e-05,Mice-hc
Non-Switch,1.7832455e-05,Mice-hc
Non-Switch,1.6873983e-05,Mice-hc
Non-Switch,1.4371292e-05,Mice-hc
Non-Switch,1.2896227e-05,Mice-hc
Non-Switch,2.8950084e-05,Mice-hc
Non-Switch,2.3882974e-05,Mice-hc
Non-Switch,2.3094806e-05,Mice-hc
Non-Switch,1.8098715e-05,Mice-hc
Non-Switch,1.5104995e-05,Mice-hc
Non-Switch,1.2406963e-05,Mice-hc
Non-Switch,5.7586272e-05,Mice-hc
Non-Switch,9.601275e-06,Mice-hc
Non-Switch,1.2916967e-05,Mice-hc
Non-Switch,1.1639706e-05,Mice-hc
Non-Switch,2.4662417e-05,Mice-hc
Non-Switch,1.8114362e-05,Mice-hc
Non-Switch,1.8820921e-05,Mice-hc
Non-Switch,1.2981041e-05,Mice-hc
Non-Switch,1.9481027e-05,Mice-hc
Non-Switch,0.010801051,Mice-hc
Non-Switch,5.110555e-05,Mice-hc
Non-Switch,8.390573e-05,Mice-hc
Non-Switch,4.233113e-05,Mice-hc
Non-Switch,2.4295101e-05,Mice-hc
Non-Switch,1.9783865e-05,Mice-hc
Non-Switch,1.6911723e-05,Mice-hc
Non-Switch,1.1208167e-05,Mice-hc
Non-Switch,8.153685e-06,Mice-hc
Non-Switch,6.6180983e-06,Mice-hc
Non-Switch,7.5195912e-06,Mice-hc
Non-Switch,7.680221e-06,Mice-hc
Non-Switch,9.60349e-06,Mice-hc
Non-Switch,3.7936654e-05,Mice-hc
Non-Switch,1.0168376e-05,Mice-hc
Non-Switch,9.846602e-06,Mice-hc
Non-Switch,1.3645735e-05,Mice-hc
Non-Switch,1.4711812e-05,Mice-hc
Non-Switch,1.934816e-05,Mice-hc
Non-Switch,2.070959e-05,Mice-hc
Non-Switch,1.5816418e-05,Mice-hc
Non-Switch,1.2889992e-05,Mice-hc
Non-Switch,1.8057992e-05,Mice-hc
Non-Switch,1.7373095e-05,Mice-hc
Non-Switch,2.1097429e-05,Mice-hc
Non-Switch,1.9196745e-05,Mice-hc
Non-Switch,1.794513e-05,Mice-hc
Non-Switch,2.031365e-05,Mice-hc
Non-Switch,2.1410187e-05,Mice-hc
Non-Switch,1.7133236e-05,Mice-hc
Non-Switch,1.9843132e-05,Mice-hc
Non-Switch,5.537692e-05,Mice-hc
Non-Switch,3.379481e-05,Mice-hc
Non-Switch,1.8182789e-05,Mice-hc
Non-Switch,2.396372e-05,Mice-hc
Non-Switch,1.0842868e-05,Mice-hc
Non-Switch,1.3089508e-05,Mice-hc
Non-Switch,2.8619766e-05,Mice-hc
Non-Switch,4.0313964e-05,Mice-hc
Non-Switch,2.247372e-05,Mice-hc
Non-Switch,2.6220157e-05,Mice-hc
Non-Switch,1.7807322e-05,Mice-hc
Non-Switch,1.8698618e-05,Mice-hc
Non-Switch,1.6091728e-05,Mice-hc
Non-Switch,1.6857053e-05,Mice-hc
Non-Switch,2.5940793e-05,Mice-hc
Non-Switch,3.9886112e-05,Mice-hc
Non-Switch,1.29845885e-05,Mice-hc
Non-Switch,2.2036293e-05,Mice-hc
Non-Switch,1.7804407e-05,Mice-hc
Non-Switch,2.8383485e-05,Mice-hc
Non-Switch,6.518534e-05,Mice-hc
Non-Switch,3.294794e-05,Mice-hc
Non-Switch,1.5281583e-05,Mice-hc
Non-Switch,2.4376093e-05,Mice-hc
Non-Switch,1.280276e-05,Mice-hc
Non-Switch,1.095724e-05,Mice-hc
Non-Switch,1.1821423e-05,Mice-hc
Non-Switch,9.171972e-06,Mice-hc
Non-Switch,7.977747e-06,Mice-hc
Non-Switch,0.0058727236,Mice-hc
Non-Switch,6.773136e-05,Mice-hc
Non-Switch,0.0012133938,Mice-hc
Non-Switch,1.3018565e-05,Mice-hc
Non-Switch,3.7819103e-05,Mice-hc
Non-Switch,1.8448281e-05,Mice-hc
Non-Switch,1.44063015e-05,Mice-hc
Non-Switch,1.5458914e-05,Mice-hc
Non-Switch,1.1241469e-05,Mice-hc
Non-Switch,6.7055025e-06,Mice-hc
Non-Switch,1.4795814e-05,Mice-hc
Non-Switch,1.0865324e-05,Mice-hc
Non-Switch,1.1262991e-05,Mice-hc
Non-Switch,8.7811595e-06,Mice-hc
Non-Switch,9.153325e-06,Mice-hc
Non-Switch,8.846131e-06,Mice-hc
Non-Switch,7.4558666e-06,Mice-hc
Non-Switch,1.0026212e-05,Mice-hc
Non-Switch,8.7401695e-06,Mice-hc
Non-Switch,6.544727e-06,Mice-hc
Non-Switch,6.6297935e-06,Mice-hc
Non-Switch,6.9757975e-06,Mice-hc
Non-Switch,8.420819e-06,Mice-hc
Non-Switch,1.2259038e-05,Mice-hc
Non-Switch,1.1632488e-05,Mice-hc
Non-Switch,7.7968225e-06,Mice-hc
Non-Switch,2.792873e-05,Mice-hc
Non-Switch,0.56624234,Mice-hc
Non-Switch,0.010941867,Mice-hc
Non-Switch,7.537944e-06,Mice-hc
Non-Switch,0.002647371,Mice-hc
Non-Switch,0.00021383725,Mice-hc
Non-Switch,0.0002458293,Mice-hc
Non-Switch,0.00018813621,Mice-hc
Non-Switch,0.00015980912,Mice-hc
Non-Switch,9.687111e-05,Mice-hc
Non-Switch,0.27885187,Mice-hc
Non-Switch,0.009055464,Mice-hc
Non-Switch,4.9481678e-05,Mice-hc
Non-Switch,3.0365687e-05,Mice-hc
Non-Switch,8.967146e-06,Mice-hc
Non-Switch,1.2913797e-05,Mice-hc
Non-Switch,8.288505e-06,Mice-hc
Non-Switch,8.111264e-06,Mice-hc
Non-Switch,9.268024e-06,Mice-hc
Non-Switch,9.183741e-06,Mice-hc
Non-Switch,1.1260917e-05,Mice-hc
Non-Switch,1.3828365e-05,Mice-hc
Non-Switch,1.1318894e-05,Mice-hc
Non-Switch,9.701516e-06,Mice-hc
Non-Switch,1.1954202e-05,Mice-hc
Non-Switch,8.101437e-06,Mice-hc
Non-Switch,1.0317652e-05,Mice-hc
Non-Switch,6.923581e-06,Mice-hc
Non-Switch,1.1024195e-05,Mice-hc
Non-Switch,5.8265787e-06,Mice-hc
Non-Switch,1.8565195e-05,Mice-hc
Non-Switch,1.745687e-05,Mice-hc
Non-Switch,1.2387819e-05,Mice-hc
Non-Switch,1.6133697e-05,Mice-hc
Non-Switch,2.0482237e-05,Mice-hc
Non-Switch,3.5265737e-05,Mice-hc
Non-Switch,0.000102000246,Mice-hc
Non-Switch,0.005750548,Mice-hc
Non-Switch,0.0010746825,Mice-hc
Non-Switch,3.0582803e-05,Mice-hc
Non-Switch,8.512349e-06,Mice-hc
Non-Switch,3.2225795e-05,Mice-hc
Non-Switch,2.6747135e-05,Mice-hc
Non-Switch,0.0063470327,Mice-hc
Non-Switch,4.0202918e-05,Mice-hc
Non-Switch,3.0034287e-05,Mice-hc
Non-Switch,1.9762701e-05,Mice-hc
Non-Switch,1.3009625e-05,Mice-hc
Non-Switch,1.1048517e-05,Mice-hc
Non-Switch,0.33243126,Mice-hc
Non-Switch,0.0031377662,Mice-hc
Non-Switch,7.041243e-06,Mice-hc
Non-Switch,0.0002259488,Mice-hc
Non-Switch,0.011704929,Mice-hc
Non-Switch,0.00016317227,Mice-hc
Non-Switch,0.00023205737,Mice-hc
Non-Switch,0.00012581001,Mice-hc
Non-Switch,8.28726e-05,Mice-hc
Non-Switch,0.00010749238,Mice-hc
Non-Switch,0.00014674969,Mice-hc
Non-Switch,0.00010344278,Mice-hc
Non-Switch,7.257512e-05,Mice-hc
Non-Switch,0.073381886,Mice-hc
Non-Switch,6.6893454e-06,Mice-hc
Non-Switch,6.480213e-05,Mice-hc
Non-Switch,0.009719328,Mice-hc
Non-Switch,4.3400454e-05,Mice-hc
Non-Switch,3.6761186e-05,Mice-hc
Non-Switch,4.8414626e-05,Mice-hc
Non-Switch,3.4254597e-05,Mice-hc
Non-Switch,1.0812652e-05,Mice-hc
Non-Switch,1.1591161e-05,Mice-hc
Non-Switch,8.801582e-06,Mice-hc
Non-Switch,1.9057527e-05,Mice-hc
Non-Switch,7.1211425e-06,Mice-hc
Non-Switch,1.0126758e-05,Mice-hc
Non-Switch,9.644082e-06,Mice-hc
Non-Switch,3.1697356e-05,Mice-hc
Non-Switch,7.8539615e-06,Mice-hc
Non-Switch,8.921313e-05,Mice-hc
Non-Switch,1.5672867e-05,Mice-hc
Non-Switch,3.1035357e-05,Mice-hc
Non-Switch,1.3921683e-05,Mice-hc
Non-Switch,2.108394e-05,Mice-hc
Non-Switch,2.3745451e-05,Mice-hc
Non-Switch,6.5111035e-06,Mice-hc
Non-Switch,8.603598e-06,Mice-hc
Non-Switch,2.1516666e-05,Mice-hc
Non-Switch,6.966404e-06,Mice-hc
Non-Switch,1.3965913e-05,Mice-hc
Non-Switch,1.3461644e-05,Mice-hc
Non-Switch,9.6446465e-06,Mice-hc
Non-Switch,7.0163796e-06,Mice-hc
Non-Switch,9.258276e-06,Mice-hc
Non-Switch,2.4447452e-05,Mice-hc
Non-Switch,1.9078381e-05,Mice-hc
Non-Switch,7.147319e-06,Mice-hc
Non-Switch,1.7687755e-05,Mice-hc
Non-Switch,2.9702738e-05,Mice-hc
Non-Switch,1.026772e-05,Mice-hc
Non-Switch,2.5020867e-05,Mice-hc
Non-Switch,1.2128685e-05,Mice-hc
Non-Switch,2.1964677e-05,Mice-hc
Non-Switch,2.9026403e-05,Mice-hc
Non-Switch,3.238995e-05,Mice-hc
Non-Switch,1.8657967e-05,Mice-hc
Non-Switch,1.8660474e-05,Mice-hc
Non-Switch,1.0427505e-05,Mice-hc
Non-Switch,9.660268e-06,Mice-hc
Non-Switch,1.22885585e-05,Mice-hc
Non-Switch,1.2828694e-05,Mice-hc
Non-Switch,1.3821666e-05,Mice-hc
Non-Switch,0.0003839668,Mice-hc
Non-Switch,2.6660018e-05,Mice-hc
Non-Switch,2.5783896e-05,Mice-hc
Non-Switch,2.9927023e-05,Mice-hc
Non-Switch,2.6074815e-05,Mice-hc
Non-Switch,2.7021119e-05,Mice-hc
Non-Switch,1.41462e-05,Mice-hc
Non-Switch,9.401719e-06,Mice-hc
Non-Switch,0.000954025,Mice-hc
Non-Switch,1.4233042e-05,Mice-hc
Non-Switch,1.6042559e-05,Mice-hc
Non-Switch,1.065506e-05,Mice-hc
Non-Switch,5.99172e-06,Mice-hc
Non-Switch,1.8570376e-05,Mice-hc
Non-Switch,3.1161853e-05,Mice-hc
Non-Switch,1.9488669e-05,Mice-hc
Non-Switch,1.689302e-05,Mice-hc
Non-Switch,1.8047926e-05,Mice-hc
Non-Switch,1.938626e-05,Mice-hc
Non-Switch,1.6127768e-05,Mice-hc
Non-Switch,2.4637367e-05,Mice-hc
Non-Switch,3.596938e-05,Mice-hc
Non-Switch,1.3660264e-05,Mice-hc
Non-Switch,2.4924188e-05,Mice-hc
Non-Switch,2.4134795e-05,Mice-hc
Non-Switch,3.1554548e-05,Mice-hc
Non-Switch,4.605436e-05,Mice-hc
Non-Switch,1.7766088e-05,Mice-hc
Non-Switch,9.679463e-06,Mice-hc
Non-Switch,7.4086754e-05,Mice-hc
Non-Switch,2.8852875e-05,Mice-hc
Non-Switch,5.3815886e-05,Mice-hc
Non-Switch,3.3601016e-05,Mice-hc
Non-Switch,0.00071533147,Mice-hc
Non-Switch,0.00024944378,Mice-hc
Non-Switch,0.00017934944,Mice-hc
Non-Switch,1.8017625e-05,Mice-hc
Non-Switch,0.00025909703,Mice-hc
Non-Switch,2.447232e-05,Mice-hc
Non-Switch,1.0202892e-05,Mice-hc
Non-Switch,1.1568287e-05,Mice-hc
Non-Switch,0.0003259684,Mice-hc
Non-Switch,0.00027034373,Mice-hc
Non-Switch,0.0002734985,Mice-hc
Non-Switch,1.5188285e-05,Mice-hc
Non-Switch,0.00018158683,Mice-hc
Non-Switch,3.9194572e-05,Mice-hc
Non-Switch,3.3899072e-05,Mice-hc
Non-Switch,2.7324984e-05,Mice-hc
Non-Switch,0.0008704812,Mice-hc
Non-Switch,7.617026e-06,Mice-hc
Non-Switch,1.2603684e-05,Mice-hc
Non-Switch,1.7408067e-05,Mice-hc
Non-Switch,1.6928097e-05,Mice-hc
Non-Switch,1.4212075e-05,Mice-hc
Non-Switch,1.0553898e-05,Mice-hc
Non-Switch,1.2516417e-05,Mice-hc
Non-Switch,1.092456e-05,Mice-hc
Non-Switch,1.6254897e-05,Mice-hc
Non-Switch,1.4293687e-05,Mice-hc
Non-Switch,1.8010829e-05,Mice-hc
Non-Switch,0.01680556,Mice-hc
Non-Switch,8.271995e-06,Mice-hc
Non-Switch,1.5744703e-05,Mice-hc
Non-Switch,2.395712e-05,Mice-hc
Non-Switch,1.1634267e-05,Mice-hc
Non-Switch,0.000546759,Mice-hc
Non-Switch,1.8013021e-05,Mice-hc
Non-Switch,1.2188713e-05,Mice-hc
Non-Switch,1.6216365e-05,Mice-hc
Non-Switch,2.5929561e-05,Mice-hc
Non-Switch,4.181967e-05,Mice-hc
Non-Switch,5.9199163e-05,Mice-hc
Non-Switch,1.38467885e-05,Mice-hc
Non-Switch,3.09808e-05,Mice-hc
Non-Switch,2.8059667e-05,Mice-hc
Non-Switch,2.8384806e-05,Mice-hc
Non-Switch,4.3480977e-05,Mice-hc
Non-Switch,0.0004097941,Mice-hc
Non-Switch,2.2077264e-05,Mice-hc
Non-Switch,3.0366176e-05,Mice-hc
Non-Switch,2.9642202e-05,Mice-hc
Non-Switch,3.474907e-05,Mice-hc
Non-Switch,3.984629e-05,Mice-hc
Non-Switch,6.703977e-06,Mice-hc
Non-Switch,3.5592144e-05,Mice-hc
Non-Switch,3.2244498e-05,Mice-hc
Non-Switch,1.9645808e-05,Mice-hc
Non-Switch,2.1461821e-05,Mice-hc
Non-Switch,1.950502e-05,Mice-hc
Non-Switch,1.06922425e-05,Mice-hc
Non-Switch,3.4472854e-05,Mice-hc
Non-Switch,0.0022174187,Mice-hc
Non-Switch,4.929018e-05,Mice-hc
Non-Switch,2.012259e-05,Mice-hc
Non-Switch,6.717705e-06,Mice-hc
Non-Switch,0.00151593,Mice-hc
Non-Switch,9.62179e-06,Mice-hc
Non-Switch,1.0200116e-05,Mice-hc
Non-Switch,7.590043e-06,Mice-hc
Non-Switch,1.3198906e-05,Mice-hc
Non-Switch,1.0596005e-05,Mice-hc
Non-Switch,1.30265535e-05,Mice-hc
Non-Switch,1.0512406e-05,Mice-hc
Non-Switch,8.153465e-06,Mice-hc
Non-Switch,1.3132814e-05,Mice-hc
Non-Switch,9.985338e-06,Mice-hc
Non-Switch,1.3490406e-05,Mice-hc
Non-Switch,1.6809638e-05,Mice-hc
Non-Switch,3.279329e-05,Mice-hc
Non-Switch,2.7877812e-05,Mice-hc
Non-Switch,1.1658636e-05,Mice-hc
Non-Switch,1.21070025e-05,Mice-hc
Non-Switch,0.32658848,Mice-hc
Non-Switch,0.0011847768,Mice-hc
Non-Switch,3.581177e-05,Mice-hc
Non-Switch,3.475552e-05,Mice-hc
Non-Switch,1.05209065e-05,Mice-hc
Non-Switch,1.3737232e-05,Mice-hc
Non-Switch,2.754931e-05,Mice-hc
Non-Switch,3.8999762e-05,Mice-hc
Non-Switch,4.1184983e-05,Mice-hc
Non-Switch,2.4431527e-05,Mice-hc
Non-Switch,6.467494e-05,Mice-hc
Non-Switch,5.163625e-05,Mice-hc
Non-Switch,3.929009e-05,Mice-hc
Non-Switch,2.3349232e-05,Mice-hc
Non-Switch,3.6229263e-05,Mice-hc
Non-Switch,1.0384095e-05,Mice-hc
Non-Switch,9.341217e-05,Mice-hc
Non-Switch,6.120994e-05,Mice-hc
Non-Switch,0.00012146799,Mice-hc
Non-Switch,4.910736e-05,Mice-hc
Non-Switch,8.780786e-05,Mice-hc
Non-Switch,0.000121704055,Mice-hc
Non-Switch,9.311207e-05,Mice-hc
Non-Switch,0.0001387402,Mice-hc
Non-Switch,0.000119536264,Mice-hc
Non-Switch,0.00012950307,Mice-hc
Non-Switch,1.6508659e-05,Mice-hc
Non-Switch,6.677152e-05,Mice-hc
Non-Switch,6.863191e-05,Mice-hc
Non-Switch,9.437173e-05,Mice-hc
Non-Switch,4.45723e-05,Mice-hc
Non-Switch,3.193402e-05,Mice-hc
Non-Switch,3.3010692e-05,Mice-hc
Non-Switch,1.3576701e-05,Mice-hc
Non-Switch,3.7601974e-05,Mice-hc
Non-Switch,1.1139877e-05,Mice-hc
Non-Switch,2.1989468e-05,Mice-hc
Non-Switch,0.00015200177,Mice-hc
Non-Switch,1.0510854e-05,Mice-hc
Non-Switch,1.2133902e-05,Mice-hc
Non-Switch,0.0006383225,Mice-hc
Non-Switch,1.426905e-05,Mice-hc
Non-Switch,1.4543944e-05,Mice-hc
Non-Switch,1.3041852e-05,Mice-hc
Non-Switch,0.0012341591,Mice-hc
Non-Switch,1.0721084e-05,Mice-hc
Non-Switch,0.00060831185,Mice-hc
Non-Switch,0.00082043535,Mice-hc
Non-Switch,0.00044818607,Mice-hc
Non-Switch,0.000859837,Mice-hc
Non-Switch,2.0849322e-05,Mice-hc
Non-Switch,0.00023320281,Mice-hc
Non-Switch,1.7987964e-05,Mice-hc
Non-Switch,3.9521e-05,Mice-hc
Non-Switch,3.5220895e-05,Mice-hc
Non-Switch,3.0261142e-05,Mice-hc
Non-Switch,1.5268532e-05,Mice-hc
Non-Switch,2.118618e-05,Mice-hc
Non-Switch,1.5764934e-05,Mice-hc
Non-Switch,0.0041488996,Mice-hc
Non-Switch,1.9060408e-05,Mice-hc
Non-Switch,2.418616e-05,Mice-hc
Non-Switch,1.49581265e-05,Mice-hc
Non-Switch,1.1132854e-05,Mice-hc
Non-Switch,1.6523263e-05,Mice-hc
Non-Switch,1.5731399e-05,Mice-hc
Non-Switch,1.7975783e-05,Mice-hc
Non-Switch,2.181144e-05,Mice-hc
Non-Switch,2.9576e-05,Mice-hc
Non-Switch,2.8971608e-05,Mice-hc
Non-Switch,2.478958e-05,Mice-hc
Non-Switch,4.2713807e-05,Mice-hc
Non-Switch,2.657083e-05,Mice-hc
Non-Switch,2.391195e-05,Mice-hc
Non-Switch,2.3283914e-05,Mice-hc
Non-Switch,4.7891066e-05,Mice-hc
Non-Switch,4.1022213e-05,Mice-hc
Non-Switch,2.6488033e-05,Mice-hc
Non-Switch,2.279995e-05,Mice-hc
Non-Switch,5.2108553e-05,Mice-hc
Non-Switch,8.456997e-05,Mice-hc
Non-Switch,8.754543e-05,Mice-hc
Non-Switch,3.447834e-05,Mice-hc
Non-Switch,0.00014414491,Mice-hc
Non-Switch,0.0025619008,Mice-hc
Non-Switch,7.957267e-05,Mice-hc
Non-Switch,4.720002e-05,Mice-hc
Non-Switch,2.6238049e-05,Mice-hc
Non-Switch,1.9599978e-05,Mice-hc
Non-Switch,1.433055e-05,Mice-hc
Non-Switch,1.6149883e-05,Mice-hc
Non-Switch,8.81784e-06,Mice-hc
Non-Switch,9.16641e-06,Mice-hc
Non-Switch,2.100054e-05,Mice-hc
Non-Switch,1.0651462e-05,Mice-hc
Non-Switch,6.774457e-06,Mice-hc
Non-Switch,8.274318e-06,Mice-hc
Non-Switch,1.3871633e-05,Mice-hc
Non-Switch,1.2486437e-05,Mice-hc
Non-Switch,1.4010149e-05,Mice-hc
Non-Switch,0.0008511934,Mice-hc
Non-Switch,1.9264802e-05,Mice-hc
Non-Switch,1.7737104e-05,Mice-hc
Non-Switch,3.4227123e-05,Mice-hc
Non-Switch,2.3070545e-05,Mice-hc
Non-Switch,2.7388021e-05,Mice-hc
Non-Switch,2.8918415e-05,Mice-hc
Non-Switch,0.00011944628,Mice-hc
Non-Switch,8.494094e-05,Mice-hc
Non-Switch,0.0002632468,Mice-hc
Non-Switch,0.00089108205,Mice-hc
Non-Switch,0.006117572,Mice-hc
Non-Switch,0.0024786177,Mice-hc
Non-Switch,0.00039670474,Mice-hc
Non-Switch,0.0001883134,Mice-hc
Non-Switch,2.3120041e-05,Mice-hc
Non-Switch,8.98431e-05,Mice-hc
Non-Switch,2.8137632e-05,Mice-hc
Non-Switch,2.362995e-05,Mice-hc
Non-Switch,3.0847576e-05,Mice-hc
Non-Switch,2.1575896e-05,Mice-hc
Non-Switch,1.486037e-05,Mice-hc
Non-Switch,1.283128e-05,Mice-hc
Non-Switch,1.0356529e-05,Mice-hc
Non-Switch,9.696511e-06,Mice-hc
Non-Switch,1.0021652e-05,Mice-hc
Non-Switch,3.160953e-05,Mice-hc
Non-Switch,9.994786e-06,Mice-hc
Non-Switch,2.0797073e-05,Mice-hc
Non-Switch,3.5476085e-05,Mice-hc
Non-Switch,3.0833136e-05,Mice-hc
Non-Switch,1.8959996e-05,Mice-hc
Non-Switch,1.7945156e-05,Mice-hc
Non-Switch,0.00603925,Mice-hc
Non-Switch,0.00010143174,Mice-hc
Non-Switch,3.0869724e-05,Mice-hc
Non-Switch,0.0024620881,Mice-hc
Non-Switch,2.7792237e-05,Mice-hc
Non-Switch,0.08802765,Mice-hc
Non-Switch,0.018889083,Mice-hc
Non-Switch,0.3088946,Mice-hc
Non-Switch,0.34196246,Mice-hc
Non-Switch,0.33946365,Mice-hc
Non-Switch,0.13029133,Mice-hc
Non-Switch,0.015340101,Mice-hc
Non-Switch,0.0017358813,Mice-hc
Non-Switch,0.0052911504,Mice-hc
Non-Switch,0.008769998,Mice-hc
Non-Switch,3.0081148e-05,Mice-hc
Non-Switch,0.0420784,Mice-hc
Non-Switch,0.0011932915,Mice-hc
Non-Switch,0.00017687786,Mice-hc
Non-Switch,7.2804825e-05,Mice-hc
Non-Switch,0.00034476444,Mice-hc
Non-Switch,0.00015966418,Mice-hc
Non-Switch,7.146194e-05,Mice-hc
Non-Switch,9.086036e-05,Mice-hc
Non-Switch,0.0005508288,Mice-hc
Non-Switch,0.000115752555,Mice-hc
Non-Switch,2.6811327e-05,Mice-hc
Non-Switch,6.1969586e-05,Mice-hc
Non-Switch,3.4885292e-05,Mice-hc
Non-Switch,3.7940204e-05,Mice-hc
Non-Switch,3.211426e-05,Mice-hc
Non-Switch,3.7923775e-05,Mice-hc
Non-Switch,1.636281e-05,Mice-hc
Non-Switch,1.9039599e-05,Mice-hc
Non-Switch,0.2951092,Mice-hc
Non-Switch,0.04165626,Mice-hc
Non-Switch,0.0026333851,Mice-hc
Non-Switch,0.00078076986,Mice-hc
Non-Switch,2.49688e-05,Mice-hc
Non-Switch,1.5547217e-05,Mice-hc
Non-Switch,2.1527374e-05,Mice-hc
Non-Switch,1.5857564e-05,Mice-hc
Non-Switch,9.2782706e-05,Mice-hc
Non-Switch,2.9036193e-05,Mice-hc
Non-Switch,1.9027406e-05,Mice-hc
Non-Switch,1.7676606e-05,Mice-hc
Non-Switch,0.0002854355,Mice-hc
Non-Switch,0.00020191804,Mice-hc
Non-Switch,6.551201e-06,Mice-hc
Non-Switch,1.4907852e-05,Mice-hc
Non-Switch,1.2920249e-05,Mice-hc
Non-Switch,1.4141834e-05,Mice-hc
Non-Switch,1.3522894e-05,Mice-hc
Non-Switch,1.0189954e-05,Mice-hc
Non-Switch,9.4208735e-06,Mice-hc
Non-Switch,8.802136e-06,Mice-hc
Non-Switch,9.623913e-06,Mice-hc
Non-Switch,1.63789e-05,Mice-hc
Non-Switch,2.1300519e-05,Mice-hc
Non-Switch,1.5444972e-05,Mice-hc
Non-Switch,1.549115e-05,Mice-hc
Non-Switch,1.9250114e-05,Mice-hc
Non-Switch,1.1623666e-05,Mice-hc
Non-Switch,1.6711569e-05,Mice-hc
Non-Switch,2.4362686e-05,Mice-hc
Non-Switch,1.5606474e-05,Mice-hc
Non-Switch,2.3508324e-05,Mice-hc
Non-Switch,2.2815091e-05,Mice-hc
Non-Switch,9.228585e-06,Mice-hc
Non-Switch,0.0004799939,Mice-hc
Non-Switch,8.87509e-05,Mice-hc
Non-Switch,1.6679147e-05,Mice-hc
Non-Switch,2.2046841e-05,Mice-hc
Non-Switch,9.380148e-06,Mice-hc
Non-Switch,8.051984e-06,Mice-hc
Non-Switch,5.3631586e-05,Mice-hc
Non-Switch,1.7784772e-05,Mice-hc
Non-Switch,1.1983977e-05,Mice-hc
Non-Switch,0.09804582,Mice-hc
Non-Switch,0.0010553407,Mice-hc
Non-Switch,0.02293942,Mice-hc
Non-Switch,0.00039430798,Mice-hc
Non-Switch,1.8406143e-05,Mice-hc
Non-Switch,0.000100418685,Mice-hc
Non-Switch,3.012745e-05,Mice-hc
Non-Switch,0.00011420713,Mice-hc
Non-Switch,1.2306795e-05,Mice-hc
Non-Switch,7.689805e-06,Mice-hc
Non-Switch,8.6605405e-06,Mice-hc
Non-Switch,1.2547767e-05,Mice-hc
Non-Switch,0.0005956785,Mice-hc
Non-Switch,1.4850219e-05,Mice-hc
Non-Switch,0.00011834873,Mice-hc
Non-Switch,2.9794588e-05,Mice-hc
Non-Switch,1.20256045e-05,Mice-hc
Non-Switch,1.2741066e-05,Mice-hc
Non-Switch,1.1766524e-05,Mice-hc
Non-Switch,9.3972885e-06,Mice-hc
Non-Switch,0.0030291027,Mice-hc
Non-Switch,0.0015989962,Mice-hc
Non-Switch,2.4145838e-05,Mice-hc
Non-Switch,7.855113e-06,Mice-hc
Non-Switch,7.385565e-06,Mice-hc
Non-Switch,1.5403493e-05,Mice-hc
Non-Switch,0.00012610336,Mice-hc
Non-Switch,8.400769e-06,Mice-hc
Non-Switch,8.534114e-06,Mice-hc
Non-Switch,1.8358189e-05,Mice-hc
Non-Switch,0.0005122138,Mice-hc
Non-Switch,7.947282e-05,Mice-hc
Non-Switch,2.7876085e-05,Mice-hc
Non-Switch,2.009878e-05,Mice-hc
Non-Switch,1.3129467e-05,Mice-hc
Non-Switch,1.4501715e-05,Mice-hc
Non-Switch,2.3431267e-05,Mice-hc
Non-Switch,0.039683186,Mice-hc
Non-Switch,2.2554143e-05,Mice-hc
Non-Switch,1.6668295e-05,Mice-hc
Non-Switch,0.00023843098,Mice-hc
Non-Switch,3.044247e-05,Mice-hc
Non-Switch,3.7053807e-05,Mice-hc
Non-Switch,3.8852257e-05,Mice-hc
Non-Switch,0.000120321994,Mice-hc
Non-Switch,0.00023291717,Mice-hc
Non-Switch,0.0004948376,Mice-hc
Non-Switch,6.1871084e-05,Mice-hc
Non-Switch,0.00046084204,Mice-hc
Non-Switch,3.7611586e-05,Mice-hc
Non-Switch,2.0388636e-05,Mice-hc
Non-Switch,2.8805458e-05,Mice-hc
Non-Switch,4.127956e-05,Mice-hc
Non-Switch,1.4716301e-05,Mice-hc
Non-Switch,1.2986624e-05,Mice-hc
Non-Switch,5.012589e-05,Mice-hc
Non-Switch,5.391822e-05,Mice-hc
Non-Switch,0.00051523134,Mice-hc
Non-Switch,0.01409792,Mice-hc
Non-Switch,8.035026e-05,Mice-hc
Non-Switch,0.014332459,Mice-hc
Non-Switch,0.0016036604,Mice-hc
Non-Switch,0.00037717554,Mice-hc
Non-Switch,0.0001675523,Mice-hc
Non-Switch,0.0009955491,Mice-hc
Non-Switch,0.00036493532,Mice-hc
Non-Switch,0.00021927513,Mice-hc
Non-Switch,0.00035554756,Mice-hc
Non-Switch,0.0013866829,Mice-hc
Non-Switch,0.0004663074,Mice-hc
Non-Switch,0.00013467637,Mice-hc
Non-Switch,3.8058824e-05,Mice-hc
Non-Switch,0.01845035,Mice-hc
Non-Switch,0.00048927177,Mice-hc
Non-Switch,0.0002970178,Mice-hc
Non-Switch,0.0010636195,Mice-hc
Non-Switch,0.00043072423,Mice-hc
Non-Switch,0.00025879327,Mice-hc
Non-Switch,5.4530952e-05,Mice-hc
Non-Switch,5.654764e-05,Mice-hc
Non-Switch,0.00026917085,Mice-hc
Non-Switch,0.0018447677,Mice-hc
Non-Switch,0.0029501556,Mice-hc
Non-Switch,0.0009247018,Mice-hc
Non-Switch,0.00020950059,Mice-hc
Non-Switch,0.00037616864,Mice-hc
Non-Switch,0.00012917713,Mice-hc
Non-Switch,4.8464994e-05,Mice-hc
Non-Switch,6.319687e-05,Mice-hc
Non-Switch,2.4434536e-05,Mice-hc
Non-Switch,4.2287393e-05,Mice-hc
Non-Switch,2.8619756e-05,Mice-hc
Non-Switch,6.722007e-05,Mice-hc
Non-Switch,3.378891e-05,Mice-hc
Non-Switch,3.875528e-05,Mice-hc
Non-Switch,7.3276926e-05,Mice-hc
Non-Switch,9.273431e-05,Mice-hc
Non-Switch,4.134351e-05,Mice-hc
Non-Switch,4.034985e-05,Mice-hc
Non-Switch,3.9030005e-05,Mice-hc
Non-Switch,8.0875354e-05,Mice-hc
Non-Switch,6.579004e-05,Mice-hc
Non-Switch,7.16977e-05,Mice-hc
Non-Switch,5.9555736e-05,Mice-hc
Non-Switch,3.944058e-05,Mice-hc
Non-Switch,0.00014092744,Mice-hc
Non-Switch,9.4335475e-05,Mice-hc
Non-Switch,0.0001828754,Mice-hc
Non-Switch,0.00022202663,Mice-hc
Non-Switch,0.00012777412,Mice-hc
Non-Switch,0.00040365497,Mice-hc
Non-Switch,5.1908282e-05,Mice-hc
Non-Switch,8.745205e-05,Mice-hc
Non-Switch,0.00021758053,Mice-hc
Non-Switch,0.0001984355,Mice-hc
Non-Switch,2.5249114e-05,Mice-hc
Non-Switch,0.0002388916,Mice-hc
Non-Switch,0.0004911095,Mice-hc
Non-Switch,0.0015274918,Mice-hc
Non-Switch,0.0024503386,Mice-hc
Non-Switch,0.0039386195,Mice-hc
Non-Switch,0.0036138562,Mice-hc
Non-Switch,0.016426489,Mice-hc
Non-Switch,0.010426286,Mice-hc
Non-Switch,0.006722657,Mice-hc
Non-Switch,0.0016367844,Mice-hc
Non-Switch,0.10583476,Mice-hc
Non-Switch,0.0017811027,Mice-hc
Non-Switch,0.0006651693,Mice-hc
Non-Switch,0.00044381485,Mice-hc
Non-Switch,0.0003348443,Mice-hc
Non-Switch,0.00033021285,Mice-hc
Non-Switch,0.0001743933,Mice-hc
Non-Switch,8.560021e-05,Mice-hc
Non-Switch,6.779831e-05,Mice-hc
Non-Switch,4.7300557e-05,Mice-hc
Non-Switch,4.973859e-05,Mice-hc
Non-Switch,0.009012391,Mice-hc
Non-Switch,6.110309e-05,Mice-hc
Non-Switch,4.6749676e-05,Mice-hc
Non-Switch,2.5159381e-05,Mice-hc
Non-Switch,3.5242218e-05,Mice-hc
Non-Switch,7.102628e-05,Mice-hc
Non-Switch,2.1499807e-05,Mice-hc
Non-Switch,2.7237209e-05,Mice-hc
Non-Switch,4.6031397e-05,Mice-hc
Non-Switch,3.853158e-05,Mice-hc
Non-Switch,0.0003984071,Mice-hc
Non-Switch,9.994868e-05,Mice-hc
Non-Switch,0.02582853,Mice-hc
Non-Switch,0.0018505597,Mice-hc
Non-Switch,0.00015959652,Mice-hc
Non-Switch,0.00019483455,Mice-hc
Non-Switch,0.00010323299,Mice-hc
Non-Switch,0.00013514233,Mice-hc
Non-Switch,5.824844e-05,Mice-hc
Non-Switch,6.1647435e-05,Mice-hc
Non-Switch,2.93074e-05,Mice-hc
Non-Switch,2.3324888e-05,Mice-hc
Non-Switch,0.00014716425,Mice-hc
Non-Switch,1.771752e-05,Mice-hc
Non-Switch,1.7357568e-05,Mice-hc
Non-Switch,1.4944315e-05,Mice-hc
Non-Switch,8.503116e-06,Mice-hc
Non-Switch,1.0205496e-05,Mice-hc
Non-Switch,6.8490635e-06,Mice-hc
Non-Switch,7.5304088e-06,Mice-hc
Non-Switch,8.318608e-06,Mice-hc
Non-Switch,6.6676657e-06,Mice-hc
Non-Switch,7.366198e-06,Mice-hc
Non-Switch,0.00019451573,Mice-hc
Non-Switch,2.0102965e-05,Mice-hc
Non-Switch,1.868519e-05,Mice-hc
Non-Switch,2.0543348e-05,Mice-hc
Non-Switch,6.080165e-05,Mice-hc
Non-Switch,0.0001261115,Mice-hc
Non-Switch,0.00047354843,Mice-hc
Non-Switch,0.00025285326,Mice-hc
Non-Switch,0.00012333666,Mice-hc
Non-Switch,5.3358646e-05,Mice-hc
Non-Switch,2.99009e-05,Mice-hc
Non-Switch,2.130917e-05,Mice-hc
Non-Switch,0.00022231769,Mice-hc
Non-Switch,1.8456081e-05,Mice-hc
Non-Switch,2.817112e-05,Mice-hc
Non-Switch,1.4538773e-05,Mice-hc
Non-Switch,1.0960837e-05,Mice-hc
Non-Switch,1.7811426e-05,Mice-hc
Non-Switch,1.5304635e-05,Mice-hc
Non-Switch,1.6229304e-05,Mice-hc
Non-Switch,1.3196717e-05,Mice-hc
Non-Switch,1.002892e-05,Mice-hc
Non-Switch,1.654547e-05,Mice-hc
Non-Switch,0.00022453404,Mice-hc
Non-Switch,1.5569429e-05,Mice-hc
Non-Switch,1.1333649e-05,Mice-hc
Non-Switch,1.3209874e-05,Mice-hc
Non-Switch,1.3112041e-05,Mice-hc
Non-Switch,1.2553313e-05,Mice-hc
Non-Switch,2.4533769e-05,Mice-hc
Non-Switch,0.0001486792,Mice-hc
Non-Switch,6.91225e-05,Mice-hc
Non-Switch,5.01851e-05,Mice-hc
Non-Switch,2.8459763e-05,Mice-hc
Non-Switch,0.008017895,Mice-hc
Non-Switch,2.6743237e-05,Mice-hc
Non-Switch,2.7258691e-05,Mice-hc
Non-Switch,3.856272e-05,Mice-hc
Non-Switch,4.2504777e-05,Mice-hc
Non-Switch,4.1006293e-05,Mice-hc
Non-Switch,5.6942597e-05,Mice-hc
Non-Switch,5.6186604e-05,Mice-hc
Non-Switch,4.207351e-05,Mice-hc
Non-Switch,4.9927716e-05,Mice-hc
Non-Switch,5.4941345e-05,Mice-hc
Non-Switch,0.00031088403,Mice-hc
Non-Switch,4.818154e-05,Mice-hc
Non-Switch,2.0121217e-05,Mice-hc
Non-Switch,1.6470485e-05,Mice-hc
Non-Switch,1.5655387e-05,Mice-hc
Non-Switch,1.4697432e-05,Mice-hc
Non-Switch,2.3846464e-05,Mice-hc
Non-Switch,0.000110837995,Mice-hc
Non-Switch,0.0001503712,Mice-hc
Non-Switch,0.003733678,Mice-hc
Non-Switch,0.011798194,Mice-hc
Non-Switch,0.00012662809,Mice-hc
Non-Switch,0.064197525,Mice-hc
Non-Switch,0.016608093,Mice-hc
Non-Switch,0.0037243806,Mice-hc
Non-Switch,0.0015259394,Mice-hc
Non-Switch,0.0006895469,Mice-hc
Non-Switch,9.235553e-05,Mice-hc
Non-Switch,6.147851e-05,Mice-hc
Non-Switch,1.3750789e-05,Mice-hc
Non-Switch,1.2747521e-05,Mice-hc
Non-Switch,7.0842684e-06,Mice-hc
Non-Switch,0.06840235,Mice-hc
Non-Switch,8.2310935e-06,Mice-hc
Non-Switch,7.1169584e-06,Mice-hc
Non-Switch,7.499015e-06,Mice-hc
Non-Switch,8.878209e-06,Mice-hc
Non-Switch,1.1116772e-05,Mice-hc
Non-Switch,6.774054e-06,Mice-hc
Non-Switch,7.410061e-06,Mice-hc
Non-Switch,6.0473476e-06,Mice-hc
Non-Switch,8.102166e-06,Mice-hc
Non-Switch,6.0084485e-06,Mice-hc
Non-Switch,0.0060965433,Mice-hc
Non-Switch,5.6726703e-06,Mice-hc
Non-Switch,7.060221e-06,Mice-hc
Non-Switch,6.1030305e-06,Mice-hc
Non-Switch,6.1185574e-06,Mice-hc
Non-Switch,0.0015391897,Mice-hc
Non-Switch,0.00152,Mice-hc
Non-Switch,0.0015294881,Mice-hc
Non-Switch,7.828288e-06,Mice-hc
Non-Switch,9.788233e-06,Mice-hc
Non-Switch,6.527472e-06,Mice-hc
Non-Switch,0.0013252606,Mice-hc
Non-Switch,7.004511e-06,Mice-hc
Non-Switch,8.081077e-06,Mice-hc
Non-Switch,8.791667e-06,Mice-hc
Non-Switch,8.445656e-06,Mice-hc
Non-Switch,0.001965953,Mice-hc
Non-Switch,0.0015265944,Mice-hc
Non-Switch,0.0017868632,Mice-hc
Non-Switch,7.682727e-06,Mice-hc
Non-Switch,0.0015364599,Mice-hc
Non-Switch,0.0017426183,Mice-hc
Non-Switch,0.003655217,Mice-hc
Non-Switch,1.2852387e-05,Mice-hc
Non-Switch,7.524396e-06,Mice-hc
Non-Switch,0.0038225474,Mice-hc
Non-Switch,0.0022934575,Mice-hc
Non-Switch,0.0056632976,Mice-hc
Non-Switch,3.974802e-05,Mice-hc
Non-Switch,3.8640836e-05,Mice-hc
Non-Switch,4.717966e-05,Mice-hc
Non-Switch,5.916132e-05,Mice-hc
Non-Switch,0.14445715,Mice-hc
Non-Switch,0.011171759,Mice-hc
Non-Switch,0.045470152,Mice-hc
Non-Switch,0.028615458,Mice-hc
Non-Switch,0.09113377,Mice-hc
Non-Switch,0.0018477651,Mice-hc
Non-Switch,0.0001227189,Mice-hc
Non-Switch,3.1041818e-05,Mice-hc
Non-Switch,1.7630968e-05,Mice-hc
Non-Switch,8.414257e-06,Mice-hc
Non-Switch,6.5989416e-06,Mice-hc
Non-Switch,7.302372e-06,Mice-hc
Non-Switch,1.1874934e-05,Mice-hc
Non-Switch,0.00030718354,Mice-hc
Non-Switch,7.660072e-06,Mice-hc
Non-Switch,6.9512967e-06,Mice-hc
Non-Switch,9.218769e-06,Mice-hc
Non-Switch,1.0759268e-05,Mice-hc
Non-Switch,8.142286e-06,Mice-hc
Non-Switch,9.394544e-06,Mice-hc
Non-Switch,1.2751745e-05,Mice-hc
Non-Switch,8.407571e-06,Mice-hc
Non-Switch,7.640087e-06,Mice-hc
Non-Switch,1.0064071e-05,Mice-hc
Non-Switch,0.000100606696,Mice-hc
Non-Switch,7.5732873e-06,Mice-hc
Non-Switch,1.0731332e-05,Mice-hc
Non-Switch,9.514391e-06,Mice-hc
Non-Switch,8.133945e-06,Mice-hc
Non-Switch,1.1596262e-05,Mice-hc
Non-Switch,1.20089935e-05,Mice-hc
Non-Switch,1.1333266e-05,Mice-hc
Non-Switch,8.730888e-06,Mice-hc
Non-Switch,1.8486382e-05,Mice-hc
Non-Switch,9.53615e-06,Mice-hc
Non-Switch,7.495916e-05,Mice-hc
Non-Switch,8.03885e-06,Mice-hc
Non-Switch,9.865066e-06,Mice-hc
Non-Switch,8.129394e-06,Mice-hc
Non-Switch,6.8143545e-06,Mice-hc
Non-Switch,7.542473e-06,Mice-hc
Non-Switch,8.691314e-06,Mice-hc
Non-Switch,9.666677e-06,Mice-hc
Non-Switch,7.6575825e-06,Mice-hc
Non-Switch,8.716261e-06,Mice-hc
Non-Switch,7.2316197e-06,Mice-hc
Non-Switch,3.622418e-05,Mice-hc
Non-Switch,7.235537e-06,Mice-hc
Non-Switch,1.1588406e-05,Mice-hc
Non-Switch,4.0315084e-05,Mice-hc
Non-Switch,2.2773793e-05,Mice-hc
Non-Switch,2.6032563e-05,Mice-hc
Non-Switch,2.3558534e-05,Mice-hc
Non-Switch,1.7476059e-05,Mice-hc
Non-Switch,2.0646825e-05,Mice-hc
Non-Switch,2.7381231e-05,Mice-hc
Non-Switch,5.5315773e-05,Mice-hc
Non-Switch,3.6956662e-05,Mice-hc
Non-Switch,0.00016325139,Mice-hc
Non-Switch,0.00015457677,Mice-hc
Non-Switch,7.243997e-05,Mice-hc
Non-Switch,0.0002471978,Mice-hc
Non-Switch,0.15042502,Mice-hc
Non-Switch,0.023413122,Mice-hc
Non-Switch,0.007370354,Mice-hc
Non-Switch,0.024771258,Mice-hc
Non-Switch,0.01579551,Mice-hc
Non-Switch,0.017656889,Mice-hc
Non-Switch,3.351972e-05,Mice-hc
Non-Switch,0.005236673,Mice-hc
Non-Switch,0.005226737,Mice-hc
Non-Switch,0.01366834,Mice-hc
Non-Switch,0.028216466,Mice-hc
Non-Switch,0.07868981,Mice-hc
Non-Switch,0.19195561,Mice-hc
Non-Switch,0.10845091,Mice-hc
Non-Switch,0.061068308,Mice-hc
Non-Switch,0.026147014,Mice-hc
Non-Switch,0.014615269,Mice-hc
Non-Switch,0.017481288,Mice-hc
Non-Switch,0.0071180607,Mice-hc
Non-Switch,0.0057450207,Mice-hc
Non-Switch,0.0041079456,Mice-hc
Non-Switch,0.0022105812,Mice-hc
Non-Switch,0.0012948844,Mice-hc
Non-Switch,0.0008731202,Mice-hc
Non-Switch,0.0005408439,Mice-hc
Non-Switch,0.0005394555,Mice-hc
Non-Switch,0.00023911448,Mice-hc
Non-Switch,8.924195e-05,Mice-hc
Non-Switch,0.0111484565,Mice-hc
Non-Switch,4.6483558e-05,Mice-hc
Non-Switch,3.9687016e-05,Mice-hc
Non-Switch,3.6825782e-05,Mice-hc
Non-Switch,3.597575e-05,Mice-hc
Non-Switch,0.00010874856,Mice-hc
Non-Switch,0.00010811524,Mice-hc
Non-Switch,3.489789e-05,Mice-hc
Non-Switch,7.380892e-05,Mice-hc
Non-Switch,0.00012878334,Mice-hc
Non-Switch,0.0002539859,Mice-hc
Non-Switch,0.0013781288,Mice-hc
Non-Switch,0.0005142607,Mice-hc
Non-Switch,0.00025927776,Mice-hc
Non-Switch,0.00034369962,Mice-hc
Non-Switch,0.0003834056,Mice-hc
Non-Switch,0.0003285397,Mice-hc
Non-Switch,0.0003341859,Mice-hc
Non-Switch,0.00037995505,Mice-hc
Non-Switch,0.0004397235,Mice-hc
Non-Switch,0.00058544177,Mice-hc
Non-Switch,0.0006267058,Mice-hc
Non-Switch,0.0458516,Mice-hc
Non-Switch,0.0014498516,Mice-hc
Non-Switch,0.0011815849,Mice-hc
Non-Switch,0.0015426014,Mice-hc
Non-Switch,0.0024025599,Mice-hc
Non-Switch,0.0041893637,Mice-hc
Non-Switch,0.0028475618,Mice-hc
Non-Switch,0.003288966,Mice-hc
Non-Switch,0.0013082079,Mice-hc
Non-Switch,0.00040118062,Mice-hc
Non-Switch,0.0066904416,Mice-hc
